-- Full database backup
-- Created: 2025-12-25T16:12:58.121784
-- Database: /Users/davide/Documents/shadcn-dashboard/backend/prisma/dev.db


-- Table: users
-- CREATE TABLE "users" (
    "id" INTEGER NOT NULL PRIMARY KEY AUTOINCREMENT,
    "username" TEXT NOT NULL,
    "email" TEXT NOT NULL,
    "password" TEXT NOT NULL,
    "first_name" TEXT,
    "last_name" TEXT,
    "role" TEXT NOT NULL DEFAULT 'ADMIN',
    "is_active" BOOLEAN NOT NULL DEFAULT true,
    "profile_image" TEXT,
    "last_login" DATETIME,
    "theme" TEXT DEFAULT 'system',
    "language" TEXT DEFAULT 'it',
    "selected_theme" TEXT,
    "selected_tweakcn_theme" TEXT,
    "selected_radius" TEXT DEFAULT '0.5rem',
    "imported_theme_data" TEXT,
    "brand_colors" TEXT,
    "sidebar_variant" TEXT DEFAULT 'inset',
    "sidebar_collapsible" TEXT DEFAULT 'offcanvas',
    "sidebar_side" TEXT DEFAULT 'left',
    "created_at" DATETIME NOT NULL DEFAULT CURRENT_TIMESTAMP,
    "updated_at" DATETIME NOT NULL
)

-- Data for table: users (3 rows)
INSERT INTO users (id, username, email, password, first_name, last_name, role, is_active, profile_image, last_login, theme, language, selected_theme, selected_tweakcn_theme, selected_radius, imported_theme_data, brand_colors, sidebar_variant, sidebar_collapsible, sidebar_side, created_at, updated_at) VALUES (1, 'admin', 'admin@mismostudio.com', '$2b$10$50F4nPy8vCUZTx3.suZZWOm23A02x9c6hr1O6Q4dKDZMmIByCrFKK', 'Admin', 'Mismo', 'SUPER_ADMIN', 1, NULL, NULL, 'system', 'it', NULL, NULL, '0.5rem', NULL, NULL, 'inset', 'offcanvas', 'left', '2025-12-24 15:03:43', '2025-12-24 15:03:43');
INSERT INTO users (id, username, email, password, first_name, last_name, role, is_active, profile_image, last_login, theme, language, selected_theme, selected_tweakcn_theme, selected_radius, imported_theme_data, brand_colors, sidebar_variant, sidebar_collapsible, sidebar_side, created_at, updated_at) VALUES (2, 'davide', 'davide@mismostudio.com', '$2b$10$50F4nPy8vCUZTx3.suZZWOm23A02x9c6hr1O6Q4dKDZMmIByCrFKK', 'Davide', 'Marangoni', 'SUPER_ADMIN', 1, NULL, '2025-12-24T15:41:16.564+00:00', 'system', 'it', NULL, NULL, '0.5rem', NULL, NULL, 'inset', 'offcanvas', 'left', '2025-12-24 15:03:43', '2025-12-24T15:41:16.565+00:00');
INSERT INTO users (id, username, email, password, first_name, last_name, role, is_active, profile_image, last_login, theme, language, selected_theme, selected_tweakcn_theme, selected_radius, imported_theme_data, brand_colors, sidebar_variant, sidebar_collapsible, sidebar_side, created_at, updated_at) VALUES (3, 'stefano', 'stefano@mismostudio.com', '$2b$10$50F4nPy8vCUZTx3.suZZWOm23A02x9c6hr1O6Q4dKDZMmIByCrFKK', 'Stefano', 'Puglisi', 'SUPER_ADMIN', 1, NULL, NULL, 'system', 'it', NULL, NULL, '0.5rem', NULL, NULL, 'inset', 'offcanvas', 'left', '2025-12-24 15:03:43', '2025-12-24 15:03:43');


-- Table: user_sessions
-- CREATE TABLE "user_sessions" (
    "id" INTEGER NOT NULL PRIMARY KEY AUTOINCREMENT,
    "user_id" INTEGER NOT NULL,
    "token" TEXT NOT NULL,
    "expires_at" DATETIME NOT NULL,
    "ip_address" TEXT,
    "user_agent" TEXT,
    "created_at" DATETIME NOT NULL DEFAULT CURRENT_TIMESTAMP,
    CONSTRAINT "user_sessions_user_id_fkey" FOREIGN KEY ("user_id") REFERENCES "users" ("id") ON DELETE CASCADE ON UPDATE CASCADE
)

-- Data for table: user_sessions (1 rows)
INSERT INTO user_sessions (id, user_id, token, expires_at, ip_address, user_agent, created_at) VALUES (2, 2, 'eyJhbGciOiJIUzI1NiIsInR5cCI6IkpXVCJ9.eyJ1c2VySWQiOjIsImVtYWlsIjoiZGF2aWRlQG1pc21vc3R1ZGlvLmNvbSIsInJvbGUiOiJTVVBFUl9BRE1JTiIsImlhdCI6MTc2NjU5MDg3NiwiZXhwIjoxNzY3MTk1Njc2fQ.czS7_FstkWJDO55KjHNaTBM-z67nT9cRxW_DuWGYB6c', '2025-12-31T15:41:16.558+00:00', NULL, NULL, '2025-12-24T15:41:16.563+00:00');


-- Table: user_permissions
-- CREATE TABLE "user_permissions" (
    "id" INTEGER NOT NULL PRIMARY KEY AUTOINCREMENT,
    "user_id" INTEGER NOT NULL,
    "module_name" TEXT NOT NULL,
    "has_access" BOOLEAN NOT NULL DEFAULT true,
    CONSTRAINT "user_permissions_user_id_fkey" FOREIGN KEY ("user_id") REFERENCES "users" ("id") ON DELETE CASCADE ON UPDATE CASCADE
)

-- No data in table: user_permissions


-- Table: access_logs
-- CREATE TABLE "access_logs" (
    "id" INTEGER NOT NULL PRIMARY KEY AUTOINCREMENT,
    "user_id" INTEGER,
    "username" TEXT,
    "ip_address" TEXT,
    "user_agent" TEXT,
    "action" TEXT NOT NULL,
    "status" TEXT NOT NULL,
    "details" TEXT,
    "created_at" DATETIME NOT NULL DEFAULT CURRENT_TIMESTAMP,
    CONSTRAINT "access_logs_user_id_fkey" FOREIGN KEY ("user_id") REFERENCES "users" ("id") ON DELETE SET NULL ON UPDATE CASCADE
)

-- Data for table: access_logs (3 rows)
INSERT INTO access_logs (id, user_id, username, ip_address, user_agent, action, status, details, created_at) VALUES (1, 2, 'davide', NULL, NULL, 'LOGIN', 'SUCCESS', NULL, '2025-12-24T15:04:13.399+00:00');
INSERT INTO access_logs (id, user_id, username, ip_address, user_agent, action, status, details, created_at) VALUES (2, 2, 'davide@mismostudio.com', NULL, NULL, 'LOGOUT', 'SUCCESS', NULL, '2025-12-24T15:41:12.859+00:00');
INSERT INTO access_logs (id, user_id, username, ip_address, user_agent, action, status, details, created_at) VALUES (3, 2, 'davide', NULL, NULL, 'LOGIN', 'SUCCESS', NULL, '2025-12-24T15:41:16.567+00:00');


-- Table: contacts
-- CREATE TABLE "contacts" (
    "id" INTEGER NOT NULL PRIMARY KEY AUTOINCREMENT,
    "name" TEXT NOT NULL,
    "type" TEXT NOT NULL DEFAULT 'COLLABORATION',
    "contact_type" TEXT,
    "email" TEXT,
    "phone" TEXT,
    "mobile" TEXT,
    "address" TEXT,
    "city" TEXT,
    "province" TEXT,
    "zip_code" TEXT,
    "country" TEXT DEFAULT 'IT',
    "partita_iva" TEXT,
    "codice_fiscale" TEXT,
    "website" TEXT,
    "notes" TEXT,
    "priority" INTEGER DEFAULT 0,
    "status" TEXT DEFAULT 'active',
    "funnel_stage" TEXT,
    "funnel_value" REAL,
    "funnel_position" INTEGER DEFAULT 0,
    "lead_source" TEXT,
    "service_type" TEXT,
    "contact_date" DATETIME,
    "linked_contact_id" INTEGER,
    "created_at" DATETIME NOT NULL DEFAULT CURRENT_TIMESTAMP,
    "updated_at" DATETIME NOT NULL
)

-- Data for table: contacts (113 rows)
INSERT INTO contacts (id, name, type, contact_type, email, phone, mobile, address, city, province, zip_code, country, partita_iva, codice_fiscale, website, notes, priority, status, funnel_stage, funnel_value, funnel_position, lead_source, service_type, contact_date, linked_contact_id, created_at, updated_at) VALUES (36, 'Immobiliare Villafranca SRL', 'CLIENT', NULL, 'vr2oe@tecnorete.it', '+39 329 476 5308', NULL, 'Via Pace 45, Villafranca VR', NULL, NULL, NULL, 'IT', '04558700235', NULL, NULL, NULL, 2, 'active', NULL, NULL, 0, NULL, NULL, NULL, NULL, '2025-08-06 14:22:59', '2025-11-20 16:10:17');
INSERT INTO contacts (id, name, type, contact_type, email, phone, mobile, address, city, province, zip_code, country, partita_iva, codice_fiscale, website, notes, priority, status, funnel_stage, funnel_value, funnel_position, lead_source, service_type, contact_date, linked_contact_id, created_at, updated_at) VALUES (37, 'Jessica Longo', 'COLLABORATION', NULL, 'jessicalongo126@gmail.com', '+39 345 333 6760', NULL, 'Via Sacerdote Tullio Rizzo n°9 Barcellona PG', NULL, NULL, NULL, 'IT', NULL, NULL, NULL, 'Ci ha contattato per una collaborazione. Abita in Sicilia ma disposta a trasferirsi.', 1, 'active', NULL, NULL, 0, NULL, NULL, NULL, NULL, '2025-08-06 14:27:15', '2025-08-06 14:27:15');
INSERT INTO contacts (id, name, type, contact_type, email, phone, mobile, address, city, province, zip_code, country, partita_iva, codice_fiscale, website, notes, priority, status, funnel_stage, funnel_value, funnel_position, lead_source, service_type, contact_date, linked_contact_id, created_at, updated_at) VALUES (38, 'Darco Mal Pra', 'COLLABORATION', NULL, 'hello@darcomalpra.com', NULL, NULL, 'Venezia', NULL, NULL, NULL, 'IT', NULL, NULL, NULL, 'Molto bravo con le illustrazioni. Possibile collaborazione costosa.', 1, 'active', NULL, NULL, 0, NULL, NULL, NULL, NULL, '2025-08-06 14:30:55', '2025-11-24 13:36:42');
INSERT INTO contacts (id, name, type, contact_type, email, phone, mobile, address, city, province, zip_code, country, partita_iva, codice_fiscale, website, notes, priority, status, funnel_stage, funnel_value, funnel_position, lead_source, service_type, contact_date, linked_contact_id, created_at, updated_at) VALUES (39, 'Vincenzo Di Gioia', 'COLLABORATION', NULL, 'vincenzodigioia1999@gmail.com', '3453798257', NULL, NULL, NULL, NULL, NULL, 'IT', NULL, NULL, NULL, 'Da lasciare stare. Come portfolio ha inviato un PDF SFUOCATO', 1, 'active', NULL, NULL, 0, NULL, NULL, NULL, NULL, '2025-08-06 14:35:34', '2025-08-06 14:35:34');
INSERT INTO contacts (id, name, type, contact_type, email, phone, mobile, address, city, province, zip_code, country, partita_iva, codice_fiscale, website, notes, priority, status, funnel_stage, funnel_value, funnel_position, lead_source, service_type, contact_date, linked_contact_id, created_at, updated_at) VALUES (40, 'Eva Pasetto', 'COLLABORATION', NULL, 'eva.pasetto2003@gmail.com', '3342272036', NULL, 'Via Capitello 5, Monteforte d''Alpone VR', NULL, NULL, NULL, 'IT', NULL, NULL, NULL, 'Anche no..', 1, 'active', NULL, NULL, 0, NULL, NULL, NULL, NULL, '2025-08-06 14:38:59', '2025-08-06 14:38:59');
INSERT INTO contacts (id, name, type, contact_type, email, phone, mobile, address, city, province, zip_code, country, partita_iva, codice_fiscale, website, notes, priority, status, funnel_stage, funnel_value, funnel_position, lead_source, service_type, contact_date, linked_contact_id, created_at, updated_at) VALUES (41, 'Augusto Bove', 'COLLABORATION', NULL, 'augusto.bove@hotmail.it', '+39 3485153744', NULL, 'Domiciliato a Verona', NULL, NULL, NULL, 'IT', NULL, NULL, NULL, 'Graphic design, art direction e ux/ui design. Bravo', 1, 'active', NULL, NULL, 0, NULL, NULL, NULL, NULL, '2025-08-06 14:43:58', '2025-11-24 13:36:52');
INSERT INTO contacts (id, name, type, contact_type, email, phone, mobile, address, city, province, zip_code, country, partita_iva, codice_fiscale, website, notes, priority, status, funnel_stage, funnel_value, funnel_position, lead_source, service_type, contact_date, linked_contact_id, created_at, updated_at) VALUES (42, 'Marco Leorin', 'COLLABORATION', NULL, 'l.marco.002@gmail.com', '3317456985', NULL, 'Via G.La Pira, Rubano', NULL, NULL, NULL, 'IT', NULL, NULL, NULL, 'Da lasciare stare. MALE MALE MALE', 1, 'active', NULL, NULL, 0, NULL, NULL, NULL, NULL, '2025-08-06 14:47:04', '2025-10-03 09:47:18');
INSERT INTO contacts (id, name, type, contact_type, email, phone, mobile, address, city, province, zip_code, country, partita_iva, codice_fiscale, website, notes, priority, status, funnel_stage, funnel_value, funnel_position, lead_source, service_type, contact_date, linked_contact_id, created_at, updated_at) VALUES (43, 'ValeDent (Serimedical S.R.L.)', 'CLIENT', NULL, 'irene.amorelli@serimedical.it', NULL, NULL, 'CIRCONVALLAZIONE ORIANI, 6A VERONA', NULL, NULL, NULL, 'IT', '04559200235', NULL, NULL, NULL, 1, 'active', NULL, NULL, 0, NULL, NULL, NULL, NULL, '2025-08-06 15:07:08', '2025-09-17 08:57:03');
INSERT INTO contacts (id, name, type, contact_type, email, phone, mobile, address, city, province, zip_code, country, partita_iva, codice_fiscale, website, notes, priority, status, funnel_stage, funnel_value, funnel_position, lead_source, service_type, contact_date, linked_contact_id, created_at, updated_at) VALUES (44, 'Matteo Caldera', 'USEFUL_CONTACT', NULL, NULL, '+39 340 162 4816', NULL, NULL, NULL, NULL, NULL, 'IT', NULL, NULL, NULL, 'Tecnorete Pedemonte', 1, 'active', NULL, NULL, 0, NULL, NULL, NULL, NULL, '2025-08-06 15:19:50', '2025-08-06 15:19:50');
INSERT INTO contacts (id, name, type, contact_type, email, phone, mobile, address, city, province, zip_code, country, partita_iva, codice_fiscale, website, notes, priority, status, funnel_stage, funnel_value, funnel_position, lead_source, service_type, contact_date, linked_contact_id, created_at, updated_at) VALUES (45, 'Cheese Break Bistrot', 'PROSPECT', NULL, 'marangonidavide05@gmail.com', '392 9355725', NULL, 'Via Rezzola, 19 Sommacampagna VR', NULL, NULL, NULL, 'IT', NULL, NULL, NULL, 'Posto molto figo materia prima top ma grafica 0', 2, 'active', NULL, NULL, 0, NULL, NULL, NULL, NULL, '2025-08-06 20:13:21', '2025-08-27 15:01:11');
INSERT INTO contacts (id, name, type, contact_type, email, phone, mobile, address, city, province, zip_code, country, partita_iva, codice_fiscale, website, notes, priority, status, funnel_stage, funnel_value, funnel_position, lead_source, service_type, contact_date, linked_contact_id, created_at, updated_at) VALUES (46, 'Mia Forniture', 'PROSPECT', NULL, 'office@miaforniture.it', '+39 347 271 8137', NULL, 'Viale del Lavoro, 41 San Martino Buon Albergo', NULL, NULL, NULL, 'IT', NULL, NULL, NULL, NULL, 2, 'active', NULL, NULL, 0, NULL, NULL, NULL, NULL, '2025-08-07 16:31:30', '2025-08-07 16:31:30');
INSERT INTO contacts (id, name, type, contact_type, email, phone, mobile, address, city, province, zip_code, country, partita_iva, codice_fiscale, website, notes, priority, status, funnel_stage, funnel_value, funnel_position, lead_source, service_type, contact_date, linked_contact_id, created_at, updated_at) VALUES (47, 'Tecnorete Pedemonte', 'PROSPECT', NULL, NULL, NULL, NULL, 'Via Casette 13 Santa Maria di Negrar', NULL, NULL, NULL, 'IT', NULL, NULL, NULL, NULL, 2, 'active', NULL, NULL, 0, NULL, NULL, NULL, NULL, '2025-08-08 15:16:18', '2025-09-22 15:38:29');
INSERT INTO contacts (id, name, type, contact_type, email, phone, mobile, address, city, province, zip_code, country, partita_iva, codice_fiscale, website, notes, priority, status, funnel_stage, funnel_value, funnel_position, lead_source, service_type, contact_date, linked_contact_id, created_at, updated_at) VALUES (48, 'Agenzia Immobiliare Santa Croce', 'PROSPECT', NULL, NULL, NULL, NULL, 'Via Giuseppe Verdi, 7/D Verona', NULL, NULL, NULL, 'IT', NULL, NULL, NULL, NULL, 1, 'inactive', NULL, NULL, 0, NULL, NULL, NULL, NULL, '2025-08-08 15:19:15', '2025-09-22 15:34:41');
INSERT INTO contacts (id, name, type, contact_type, email, phone, mobile, address, city, province, zip_code, country, partita_iva, codice_fiscale, website, notes, priority, status, funnel_stage, funnel_value, funnel_position, lead_source, service_type, contact_date, linked_contact_id, created_at, updated_at) VALUES (49, 'Mantovani Ittici', 'PROSPECT', NULL, 'info@mantovaniprodottiittici.it', '+39 348 360 9937', NULL, 'Via Raffa, 6 Nogara VR', NULL, NULL, NULL, 'IT', NULL, NULL, NULL, NULL, 2, 'active', NULL, NULL, 0, NULL, NULL, NULL, NULL, '2025-08-08 15:20:29', '2025-09-22 15:37:52');
INSERT INTO contacts (id, name, type, contact_type, email, phone, mobile, address, city, province, zip_code, country, partita_iva, codice_fiscale, website, notes, priority, status, funnel_stage, funnel_value, funnel_position, lead_source, service_type, contact_date, linked_contact_id, created_at, updated_at) VALUES (50, 'Bedat SRL', 'PROSPECT', NULL, 'mismostudiodesign@gmail.com', NULL, NULL, NULL, NULL, NULL, NULL, 'IT', NULL, NULL, NULL, NULL, 2, 'active', NULL, NULL, 0, NULL, NULL, NULL, NULL, '2025-08-08 15:21:50', '2025-09-22 15:38:08');
INSERT INTO contacts (id, name, type, contact_type, email, phone, mobile, address, city, province, zip_code, country, partita_iva, codice_fiscale, website, notes, priority, status, funnel_stage, funnel_value, funnel_position, lead_source, service_type, contact_date, linked_contact_id, created_at, updated_at) VALUES (51, 'Manu Creation Home', 'PROSPECT', NULL, 'marangonidavide05@gmail.com', NULL, NULL, NULL, NULL, NULL, NULL, 'IT', NULL, NULL, NULL, NULL, 1, 'active', NULL, NULL, 0, NULL, NULL, NULL, NULL, '2025-08-08 15:37:19', '2025-09-22 15:38:18');
INSERT INTO contacts (id, name, type, contact_type, email, phone, mobile, address, city, province, zip_code, country, partita_iva, codice_fiscale, website, notes, priority, status, funnel_stage, funnel_value, funnel_position, lead_source, service_type, contact_date, linked_contact_id, created_at, updated_at) VALUES (52, 'Officina18', 'PROSPECT', NULL, 'marangonidavide05@gmail.com', NULL, NULL, 'Via N.Copernico 18 Verona', NULL, NULL, NULL, 'IT', NULL, NULL, NULL, NULL, 1, 'active', NULL, NULL, 0, NULL, NULL, NULL, NULL, '2025-08-08 15:40:55', '2025-08-27 14:38:53');
INSERT INTO contacts (id, name, type, contact_type, email, phone, mobile, address, city, province, zip_code, country, partita_iva, codice_fiscale, website, notes, priority, status, funnel_stage, funnel_value, funnel_position, lead_source, service_type, contact_date, linked_contact_id, created_at, updated_at) VALUES (53, 'Verona Green Movieland', 'PROSPECT', NULL, NULL, NULL, NULL, 'Via N.Copernico 18 Verona', NULL, NULL, NULL, 'IT', NULL, NULL, NULL, NULL, 1, 'active', NULL, NULL, 0, NULL, NULL, NULL, NULL, '2025-08-08 15:41:59', '2025-08-08 16:21:20');
INSERT INTO contacts (id, name, type, contact_type, email, phone, mobile, address, city, province, zip_code, country, partita_iva, codice_fiscale, website, notes, priority, status, funnel_stage, funnel_value, funnel_position, lead_source, service_type, contact_date, linked_contact_id, created_at, updated_at) VALUES (54, 'Tecnocasa Padova Guizza', 'PROSPECT', NULL, 'marangonidavide05@gmail.com', NULL, NULL, 'Via Guizza Conselvana, 62 Padova', NULL, NULL, NULL, 'IT', NULL, NULL, NULL, 'Indecisa sul da farsi', 1, 'active', NULL, NULL, 0, NULL, NULL, NULL, NULL, '2025-08-08 15:51:23', '2025-10-03 09:46:37');
INSERT INTO contacts (id, name, type, contact_type, email, phone, mobile, address, city, province, zip_code, country, partita_iva, codice_fiscale, website, notes, priority, status, funnel_stage, funnel_value, funnel_position, lead_source, service_type, contact_date, linked_contact_id, created_at, updated_at) VALUES (55, 'Zephyra', 'PROSPECT', NULL, 'mismostudiodesign@gmail.com', NULL, NULL, 'Pont-Saint-Martin Aosta', NULL, NULL, NULL, 'IT', NULL, NULL, NULL, NULL, 1, 'active', NULL, NULL, 0, NULL, NULL, NULL, NULL, '2025-08-08 15:52:20', '2025-10-02 16:17:18');
INSERT INTO contacts (id, name, type, contact_type, email, phone, mobile, address, city, province, zip_code, country, partita_iva, codice_fiscale, website, notes, priority, status, funnel_stage, funnel_value, funnel_position, lead_source, service_type, contact_date, linked_contact_id, created_at, updated_at) VALUES (56, 'PagheSolution', 'CLIENT', NULL, 'info@paghesolution.it', '3938658960', NULL, 'VIA FRANCESCO CARMAGNOLA 32 VERONA', NULL, NULL, NULL, 'IT', 'IT04685780233', NULL, NULL, NULL, 2, 'active', NULL, NULL, 0, NULL, NULL, NULL, NULL, '2025-08-08 16:17:40', '2025-09-03 13:25:51');
INSERT INTO contacts (id, name, type, contact_type, email, phone, mobile, address, city, province, zip_code, country, partita_iva, codice_fiscale, website, notes, priority, status, funnel_stage, funnel_value, funnel_position, lead_source, service_type, contact_date, linked_contact_id, created_at, updated_at) VALUES (57, 'Alessandro Acquaviva', 'CLIENT', NULL, NULL, NULL, NULL, NULL, NULL, NULL, NULL, 'IT', NULL, NULL, NULL, NULL, 1, 'active', NULL, NULL, 0, NULL, NULL, NULL, NULL, '2025-08-08 16:22:09', '2025-08-08 16:22:09');
INSERT INTO contacts (id, name, type, contact_type, email, phone, mobile, address, city, province, zip_code, country, partita_iva, codice_fiscale, website, notes, priority, status, funnel_stage, funnel_value, funnel_position, lead_source, service_type, contact_date, linked_contact_id, created_at, updated_at) VALUES (58, 'Marco Frezza', 'CLIENT', NULL, 'marangonidavide05@gmail.com', '+39 351 776 6541', NULL, 'VIA BRENNERO 2 CASTELNUOVO DEL GARDA', NULL, NULL, NULL, 'IT', NULL, 'FRZMRC72H10G843T', NULL, NULL, 1, 'active', NULL, NULL, 0, NULL, NULL, NULL, NULL, '2025-08-08 16:24:41', '2025-08-27 15:05:28');
INSERT INTO contacts (id, name, type, contact_type, email, phone, mobile, address, city, province, zip_code, country, partita_iva, codice_fiscale, website, notes, priority, status, funnel_stage, funnel_value, funnel_position, lead_source, service_type, contact_date, linked_contact_id, created_at, updated_at) VALUES (59, 'Commercialista Squarzoni', 'USEFUL_CONTACT', NULL, 'studio.squarzoni@studiosquarzoni.com', '045 8104214', NULL, 'Via Leone Pancaldo, 68 Verona', NULL, NULL, NULL, 'IT', NULL, NULL, NULL, 'Commercialista di Puglisi', 3, 'active', NULL, NULL, 0, NULL, NULL, NULL, NULL, '2025-08-13 15:23:07', '2025-11-24 13:37:14');
INSERT INTO contacts (id, name, type, contact_type, email, phone, mobile, address, city, province, zip_code, country, partita_iva, codice_fiscale, website, notes, priority, status, funnel_stage, funnel_value, funnel_position, lead_source, service_type, contact_date, linked_contact_id, created_at, updated_at) VALUES (60, 'Tecnorete Bussolengo', 'PROSPECT', NULL, 'vr2o3@tecnorete.it', '3345469879', NULL, 'Piazzale Vittorio Veneto 97 Bussolengo', NULL, NULL, NULL, 'IT', NULL, NULL, NULL, NULL, 2, 'active', NULL, NULL, 0, NULL, NULL, NULL, NULL, '2025-08-19 14:35:53', '2025-09-22 15:38:36');
INSERT INTO contacts (id, name, type, contact_type, email, phone, mobile, address, city, province, zip_code, country, partita_iva, codice_fiscale, website, notes, priority, status, funnel_stage, funnel_value, funnel_position, lead_source, service_type, contact_date, linked_contact_id, created_at, updated_at) VALUES (61, 'Lorenzo Cordioli', 'COLLABORATION', NULL, 'lorcor1999@gmail.com', NULL, NULL, 'Via Perloso 11 Verona', NULL, NULL, NULL, 'IT', NULL, NULL, NULL, 'Designer uscito dal Politecnico, molto bravo', 1, 'active', NULL, NULL, 0, NULL, NULL, NULL, NULL, '2025-08-26 13:39:39', '2025-08-26 13:39:50');
INSERT INTO contacts (id, name, type, contact_type, email, phone, mobile, address, city, province, zip_code, country, partita_iva, codice_fiscale, website, notes, priority, status, funnel_stage, funnel_value, funnel_position, lead_source, service_type, contact_date, linked_contact_id, created_at, updated_at) VALUES (63, 'MC Solutions', 'CLIENT', NULL, 'info@mcsol.it', '+393475738080', NULL, 'Via don Angelo Vinco 2/C Sant''Ambrogio', NULL, NULL, NULL, 'IT', 'IT04621440231', NULL, NULL, NULL, 2, 'active', NULL, NULL, 0, NULL, NULL, NULL, NULL, '2025-08-29 15:30:48', '2025-09-23 14:32:45');
INSERT INTO contacts (id, name, type, contact_type, email, phone, mobile, address, city, province, zip_code, country, partita_iva, codice_fiscale, website, notes, priority, status, funnel_stage, funnel_value, funnel_position, lead_source, service_type, contact_date, linked_contact_id, created_at, updated_at) VALUES (64, 'Sofia De Cupertinis', 'COLLABORATION', NULL, 'sofidecupertinis24@gmail.com', '+39 3898588579', NULL, 'Roma', NULL, NULL, NULL, 'IT', NULL, NULL, NULL, 'Portfolio solo progetti tesi Università. Ha studiato allo IED.', 1, 'active', NULL, NULL, 0, NULL, NULL, NULL, NULL, '2025-09-03 14:46:15', '2025-09-03 14:47:13');
INSERT INTO contacts (id, name, type, contact_type, email, phone, mobile, address, city, province, zip_code, country, partita_iva, codice_fiscale, website, notes, priority, status, funnel_stage, funnel_value, funnel_position, lead_source, service_type, contact_date, linked_contact_id, created_at, updated_at) VALUES (65, 'Angelica Fornalè', 'COLLABORATION', NULL, 'angelicafornale@gmail.com', NULL, NULL, 'Verona', NULL, NULL, NULL, 'IT', NULL, NULL, NULL, 'Sarebbe bravina, il problema è che ha stile template Freepik.', 1, 'active', NULL, NULL, 0, NULL, NULL, NULL, NULL, '2025-09-10 12:51:12', '2025-09-10 12:51:49');
INSERT INTO contacts (id, name, type, contact_type, email, phone, mobile, address, city, province, zip_code, country, partita_iva, codice_fiscale, website, notes, priority, status, funnel_stage, funnel_value, funnel_position, lead_source, service_type, contact_date, linked_contact_id, created_at, updated_at) VALUES (66, 'Nicoletta Sartori (Mary Joans Apartment)', 'PROSPECT', NULL, 'maryjoansapartment@gmail.com', '+393477768562', NULL, 'Via Lazzaro Spallanzani Verona', NULL, NULL, NULL, 'IT', NULL, NULL, NULL, 'B&B zona Fiera, vorrebbero sito vetrina', 1, 'active', NULL, NULL, 0, NULL, NULL, NULL, NULL, '2025-09-11 09:39:19', '2025-09-15 13:47:13');
INSERT INTO contacts (id, name, type, contact_type, email, phone, mobile, address, city, province, zip_code, country, partita_iva, codice_fiscale, website, notes, priority, status, funnel_stage, funnel_value, funnel_position, lead_source, service_type, contact_date, linked_contact_id, created_at, updated_at) VALUES (67, 'Giulia Selmo', 'COLLABORATION', NULL, 'giulia.selmo@allievi.itsdigitalacademy.com', '+39 3515000411', NULL, 'Valdagno VI', NULL, NULL, NULL, 'IT', NULL, NULL, NULL, 'Contattata per colloquio conoscitivo per tirocinio curricolare', 3, 'active', NULL, NULL, 0, NULL, NULL, NULL, NULL, '2025-09-11 16:56:16', '2025-09-11 17:00:19');
INSERT INTO contacts (id, name, type, contact_type, email, phone, mobile, address, city, province, zip_code, country, partita_iva, codice_fiscale, website, notes, priority, status, funnel_stage, funnel_value, funnel_position, lead_source, service_type, contact_date, linked_contact_id, created_at, updated_at) VALUES (68, 'Alice Gianotti', 'COLLABORATION', NULL, 'aalice.gianotti@gmail.com', '+39 345 178 4001', NULL, 'Torino', NULL, NULL, NULL, 'IT', NULL, NULL, NULL, 'Classica designer Gen Z, brava e ha occhio', 1, 'active', NULL, NULL, 0, NULL, NULL, NULL, NULL, '2025-09-12 09:50:58', '2025-10-07 11:19:44');
INSERT INTO contacts (id, name, type, contact_type, email, phone, mobile, address, city, province, zip_code, country, partita_iva, codice_fiscale, website, notes, priority, status, funnel_stage, funnel_value, funnel_position, lead_source, service_type, contact_date, linked_contact_id, created_at, updated_at) VALUES (69, 'Paolo Pollipoli', 'COLLABORATION', NULL, 'paolo@a-positivo.it', '+39 333 35 24 475', NULL, 'Viale del Brotton, 5 Vicenza', NULL, NULL, NULL, 'IT', NULL, NULL, NULL, 'Copywriter. Mail aggressiva poi recuperato punti', 1, 'active', NULL, NULL, 0, NULL, NULL, NULL, NULL, '2025-09-17 10:45:54', '2025-09-17 10:45:54');
INSERT INTO contacts (id, name, type, contact_type, email, phone, mobile, address, city, province, zip_code, country, partita_iva, codice_fiscale, website, notes, priority, status, funnel_stage, funnel_value, funnel_position, lead_source, service_type, contact_date, linked_contact_id, created_at, updated_at) VALUES (70, 'Alice Bianchi', 'COLLABORATION', NULL, 'alice1992b@gmail.com', '+393474892945', NULL, 'Via Valmezzana 5 Sermide MN', NULL, NULL, NULL, 'IT', NULL, NULL, NULL, 'Bah', 1, 'active', NULL, NULL, 0, NULL, NULL, NULL, NULL, '2025-09-17 10:48:23', '2025-09-17 10:48:23');
INSERT INTO contacts (id, name, type, contact_type, email, phone, mobile, address, city, province, zip_code, country, partita_iva, codice_fiscale, website, notes, priority, status, funnel_stage, funnel_value, funnel_position, lead_source, service_type, contact_date, linked_contact_id, created_at, updated_at) VALUES (71, 'Tommaso Quintarelli', 'COLLABORATION', NULL, 'tommyzalfa@gmail.com', NULL, NULL, 'Via Corridoni 39 Legnago VR', NULL, NULL, NULL, 'IT', NULL, NULL, NULL, 'Mail con errori grammaticali', 1, 'active', NULL, NULL, 0, NULL, NULL, NULL, NULL, '2025-09-18 10:02:19', '2025-09-18 10:02:19');
INSERT INTO contacts (id, name, type, contact_type, email, phone, mobile, address, city, province, zip_code, country, partita_iva, codice_fiscale, website, notes, priority, status, funnel_stage, funnel_value, funnel_position, lead_source, service_type, contact_date, linked_contact_id, created_at, updated_at) VALUES (72, 'Michela Canil', 'COLLABORATION', NULL, 'canil.michela@icloud.com', '+393402188668', NULL, 'Treviso', NULL, NULL, NULL, 'IT', NULL, NULL, NULL, 'Molto brava, stile minimal simile al nostro', 1, 'active', NULL, NULL, 0, NULL, NULL, NULL, NULL, '2025-09-18 13:41:04', '2025-09-18 13:41:04');
INSERT INTO contacts (id, name, type, contact_type, email, phone, mobile, address, city, province, zip_code, country, partita_iva, codice_fiscale, website, notes, priority, status, funnel_stage, funnel_value, funnel_position, lead_source, service_type, contact_date, linked_contact_id, created_at, updated_at) VALUES (73, 'Immobiliare Vigasio S.R.L.', 'PROSPECT', NULL, 'vrhsg@tecnocasa.it', NULL, NULL, 'Corso Giuseppe Garibaldi, 3/A Vigasio', NULL, NULL, NULL, 'IT', NULL, NULL, NULL, 'Preventivo video promozionale immobiliare', 2, 'active', NULL, NULL, 0, NULL, NULL, NULL, NULL, '2025-09-22 15:35:37', '2025-09-22 15:35:37');
INSERT INTO contacts (id, name, type, contact_type, email, phone, mobile, address, city, province, zip_code, country, partita_iva, codice_fiscale, website, notes, priority, status, funnel_stage, funnel_value, funnel_position, lead_source, service_type, contact_date, linked_contact_id, created_at, updated_at) VALUES (74, 'Maddalena Dalle Pezze', 'COLLABORATION', NULL, 'dallepezzemaddalena@gmail.com', '+39 346 845 5337', NULL, 'Via dell''Aquilio 23/F Negrar', NULL, NULL, NULL, 'IT', NULL, NULL, NULL, 'Non tanto bene', 1, 'active', NULL, NULL, 0, NULL, NULL, NULL, NULL, '2025-09-23 13:31:48', '2025-09-23 13:31:48');
INSERT INTO contacts (id, name, type, contact_type, email, phone, mobile, address, city, province, zip_code, country, partita_iva, codice_fiscale, website, notes, priority, status, funnel_stage, funnel_value, funnel_position, lead_source, service_type, contact_date, linked_contact_id, created_at, updated_at) VALUES (84, 'Silvia Crisettig', 'COLLABORATION', NULL, 'silvia.crisettig@gmail.com', '+39 347 3139254', NULL, 'Udine', NULL, NULL, NULL, 'IT', NULL, NULL, NULL, 'Nzomma così e così', 1, 'active', NULL, NULL, 0, NULL, NULL, NULL, NULL, '2025-09-25 08:31:57', '2025-09-25 08:31:57');
INSERT INTO contacts (id, name, type, contact_type, email, phone, mobile, address, city, province, zip_code, country, partita_iva, codice_fiscale, website, notes, priority, status, funnel_stage, funnel_value, funnel_position, lead_source, service_type, contact_date, linked_contact_id, created_at, updated_at) VALUES (87, 'Alessandro Apostoli', 'COLLABORATION', NULL, 'alessandroapostoli77@gmail.com', NULL, NULL, NULL, NULL, NULL, NULL, 'IT', NULL, NULL, NULL, 'Non ha inviato portfolio né CV', 1, 'active', NULL, NULL, 0, NULL, NULL, NULL, NULL, '2025-09-26 12:07:10', '2025-09-26 12:07:10');
INSERT INTO contacts (id, name, type, contact_type, email, phone, mobile, address, city, province, zip_code, country, partita_iva, codice_fiscale, website, notes, priority, status, funnel_stage, funnel_value, funnel_position, lead_source, service_type, contact_date, linked_contact_id, created_at, updated_at) VALUES (88, 'Mario Pili', 'COLLABORATION', NULL, 'mario.pili6199@gmail.com', '+393913523551', NULL, 'Via Francesco Da Levanto 34 Verona', NULL, NULL, NULL, 'IT', NULL, NULL, NULL, 'CV fatto con Word con sfondo tigrato. Scrive come un boomer ma ha 26 anni', 1, 'active', NULL, NULL, 0, NULL, NULL, NULL, NULL, '2025-09-26 12:11:12', '2025-09-26 12:12:06');
INSERT INTO contacts (id, name, type, contact_type, email, phone, mobile, address, city, province, zip_code, country, partita_iva, codice_fiscale, website, notes, priority, status, funnel_stage, funnel_value, funnel_position, lead_source, service_type, contact_date, linked_contact_id, created_at, updated_at) VALUES (93, 'Valpostay', 'CLIENT', NULL, 'meri.marconi97@gmail.com', '+39 348 649 6146', NULL, NULL, NULL, NULL, NULL, 'IT', NULL, NULL, NULL, NULL, 3, 'active', NULL, NULL, 0, NULL, NULL, NULL, NULL, '2025-09-30 15:17:50', '2025-11-20 16:11:08');
INSERT INTO contacts (id, name, type, contact_type, email, phone, mobile, address, city, province, zip_code, country, partita_iva, codice_fiscale, website, notes, priority, status, funnel_stage, funnel_value, funnel_position, lead_source, service_type, contact_date, linked_contact_id, created_at, updated_at) VALUES (94, 'Industriale Cremona SRL', 'CLIENT', NULL, 'nicolagervasi04@gmail.com', '3347039702', NULL, 'CORSO VITTORIO EMANUELE II 13 CREMONA', NULL, NULL, NULL, 'IT', 'IT01765290190', NULL, NULL, NULL, 2, 'active', NULL, NULL, 0, NULL, NULL, NULL, NULL, '2025-10-01 15:24:05', '2025-11-20 16:10:56');
INSERT INTO contacts (id, name, type, contact_type, email, phone, mobile, address, city, province, zip_code, country, partita_iva, codice_fiscale, website, notes, priority, status, funnel_stage, funnel_value, funnel_position, lead_source, service_type, contact_date, linked_contact_id, created_at, updated_at) VALUES (96, 'Studio Grezzana Nuova SNC', 'PROSPECT', NULL, NULL, NULL, NULL, 'Via Roma, 84 Grezzana VR', NULL, NULL, NULL, 'IT', NULL, NULL, NULL, NULL, 2, 'active', NULL, NULL, 0, NULL, NULL, NULL, NULL, '2025-10-03 09:46:04', '2025-10-03 09:46:04');
INSERT INTO contacts (id, name, type, contact_type, email, phone, mobile, address, city, province, zip_code, country, partita_iva, codice_fiscale, website, notes, priority, status, funnel_stage, funnel_value, funnel_position, lead_source, service_type, contact_date, linked_contact_id, created_at, updated_at) VALUES (97, 'Erica De Lucchi', 'COLLABORATION', NULL, 'erica.delucchi2000@gmail.com', '+39 348 242 6340', NULL, 'Verona', NULL, NULL, NULL, 'IT', NULL, NULL, NULL, 'Scarsetta nel logo ma bravina con poster', 1, 'active', NULL, NULL, 0, NULL, NULL, NULL, NULL, '2025-10-03 09:57:00', '2025-10-22 20:02:25');
INSERT INTO contacts (id, name, type, contact_type, email, phone, mobile, address, city, province, zip_code, country, partita_iva, codice_fiscale, website, notes, priority, status, funnel_stage, funnel_value, funnel_position, lead_source, service_type, contact_date, linked_contact_id, created_at, updated_at) VALUES (100, 'Glow Chic', 'PROSPECT', NULL, 'glowchicsnc@gmail.com', '045 8580688', NULL, 'Piazza Castello, 1 Sommacampagna', NULL, NULL, NULL, 'IT', 'IT05139220239', NULL, NULL, NULL, 2, 'active', NULL, NULL, 0, NULL, NULL, NULL, NULL, '2025-10-06 15:57:19', '2025-10-14 06:56:26');
INSERT INTO contacts (id, name, type, contact_type, email, phone, mobile, address, city, province, zip_code, country, partita_iva, codice_fiscale, website, notes, priority, status, funnel_stage, funnel_value, funnel_position, lead_source, service_type, contact_date, linked_contact_id, created_at, updated_at) VALUES (101, 'Sara Lonardi', 'COLLABORATION', NULL, 'saralonardi@icloud.com', '+39 3452125159', NULL, 'Bussolengo', NULL, NULL, NULL, 'IT', NULL, NULL, NULL, 'Ha stile template Freepik', 1, 'active', NULL, NULL, 0, NULL, NULL, NULL, NULL, '2025-10-08 10:00:30', '2025-10-08 10:00:30');
INSERT INTO contacts (id, name, type, contact_type, email, phone, mobile, address, city, province, zip_code, country, partita_iva, codice_fiscale, website, notes, priority, status, funnel_stage, funnel_value, funnel_position, lead_source, service_type, contact_date, linked_contact_id, created_at, updated_at) VALUES (102, 'Lorenzo Pompele', 'COLLABORATION', NULL, 'pompelelorenzo@gmail.com', '3398190085', NULL, 'Via Bovolino 92 Marchesino', NULL, NULL, NULL, 'IT', NULL, NULL, NULL, 'Bah scarsino', 1, 'active', NULL, NULL, 0, NULL, NULL, NULL, NULL, '2025-10-08 10:05:55', '2025-10-08 10:06:36');
INSERT INTO contacts (id, name, type, contact_type, email, phone, mobile, address, city, province, zip_code, country, partita_iva, codice_fiscale, website, notes, priority, status, funnel_stage, funnel_value, funnel_position, lead_source, service_type, contact_date, linked_contact_id, created_at, updated_at) VALUES (105, 'Alessandro Trevisan', 'COLLABORATION', NULL, 'ale3v@outlook.com', '3405492054', NULL, 'Via Giovanni Prati 2A Verona', NULL, NULL, NULL, 'IT', NULL, NULL, NULL, 'CV fatto con Word, portfolio stile Deniso', 1, 'active', NULL, NULL, 0, NULL, NULL, NULL, NULL, '2025-10-10 10:19:09', '2025-10-10 10:19:52');
INSERT INTO contacts (id, name, type, contact_type, email, phone, mobile, address, city, province, zip_code, country, partita_iva, codice_fiscale, website, notes, priority, status, funnel_stage, funnel_value, funnel_position, lead_source, service_type, contact_date, linked_contact_id, created_at, updated_at) VALUES (107, 'Fondazione De Carneri', 'PROSPECT', NULL, 'stefano@mismo.studio', '+39 02 28900393', NULL, 'Via G. Ceradini 3 Milano', NULL, NULL, NULL, 'IT', NULL, NULL, NULL, 'Associazione 5x1000', 2, 'active', NULL, NULL, 0, NULL, NULL, NULL, NULL, '2025-10-13 14:47:09', '2025-10-22 20:42:51');
INSERT INTO contacts (id, name, type, contact_type, email, phone, mobile, address, city, province, zip_code, country, partita_iva, codice_fiscale, website, notes, priority, status, funnel_stage, funnel_value, funnel_position, lead_source, service_type, contact_date, linked_contact_id, created_at, updated_at) VALUES (108, 'Tatjana Bezzornia', 'COLLABORATION', NULL, 'tatjanabezzornia@gmail.com', '‭+39 345 6086114‬', NULL, NULL, NULL, NULL, NULL, 'IT', NULL, NULL, NULL, 'Fotografa specializzata in Food & Drink', 1, 'active', NULL, NULL, 0, NULL, NULL, NULL, NULL, '2025-10-14 11:59:59', '2025-10-14 11:59:59');
INSERT INTO contacts (id, name, type, contact_type, email, phone, mobile, address, city, province, zip_code, country, partita_iva, codice_fiscale, website, notes, priority, status, funnel_stage, funnel_value, funnel_position, lead_source, service_type, contact_date, linked_contact_id, created_at, updated_at) VALUES (109, 'Marta Robiglio', 'COLLABORATION', NULL, 'marta.robiglio@gmail.com', NULL, NULL, NULL, NULL, NULL, NULL, 'IT', NULL, NULL, NULL, 'Molto brava con le librerie JavaScript', 1, 'active', NULL, NULL, 0, NULL, NULL, NULL, NULL, '2025-10-17 10:04:15', '2025-10-17 10:04:15');
INSERT INTO contacts (id, name, type, contact_type, email, phone, mobile, address, city, province, zip_code, country, partita_iva, codice_fiscale, website, notes, priority, status, funnel_stage, funnel_value, funnel_position, lead_source, service_type, contact_date, linked_contact_id, created_at, updated_at) VALUES (110, 'Carlotta Cavalieri', 'COLLABORATION', NULL, 'carlotta.cavalieri5@gmail.com', NULL, NULL, 'Mantova', NULL, NULL, NULL, 'IT', NULL, NULL, NULL, 'Visual designer con stile minimal ispirato a IKEA', 1, 'active', NULL, NULL, 0, NULL, NULL, NULL, NULL, '2025-10-17 10:07:58', '2025-11-24 13:36:25');
INSERT INTO contacts (id, name, type, contact_type, email, phone, mobile, address, city, province, zip_code, country, partita_iva, codice_fiscale, website, notes, priority, status, funnel_stage, funnel_value, funnel_position, lead_source, service_type, contact_date, linked_contact_id, created_at, updated_at) VALUES (112, 'Sara Salvatore', 'COLLABORATION', NULL, 'sara.salvatore@hotmail.it', '+393381480671', NULL, 'Pozzuolo Martesana MI', NULL, NULL, NULL, 'IT', NULL, NULL, NULL, 'Copywriter. Mail sa di ChatGPT', 1, 'active', NULL, NULL, 0, NULL, NULL, NULL, NULL, '2025-10-22 19:54:10', '2025-10-22 19:54:10');
INSERT INTO contacts (id, name, type, contact_type, email, phone, mobile, address, city, province, zip_code, country, partita_iva, codice_fiscale, website, notes, priority, status, funnel_stage, funnel_value, funnel_position, lead_source, service_type, contact_date, linked_contact_id, created_at, updated_at) VALUES (113, 'Sofia Maria Chiaffoni', 'COLLABORATION', NULL, 'sofiachiaffoni@gmail.com', '+393890687484', NULL, 'San Martino Buon Albergo VR', NULL, NULL, NULL, 'IT', NULL, NULL, NULL, 'C''è potenziale ma va migliorato', 1, 'active', NULL, NULL, 0, NULL, NULL, NULL, NULL, '2025-10-22 20:00:41', '2025-10-22 20:00:41');
INSERT INTO contacts (id, name, type, contact_type, email, phone, mobile, address, city, province, zip_code, country, partita_iva, codice_fiscale, website, notes, priority, status, funnel_stage, funnel_value, funnel_position, lead_source, service_type, contact_date, linked_contact_id, created_at, updated_at) VALUES (114, 'Nicola Presti', 'COLLABORATION', NULL, 'prestinicola02@gmail.com', NULL, NULL, 'Cesena', NULL, NULL, NULL, 'IT', NULL, NULL, NULL, 'Molto bravo, stile in linea con il nostro', 1, 'active', NULL, NULL, 0, NULL, NULL, NULL, NULL, '2025-11-04 13:52:20', '2025-11-04 13:52:20');
INSERT INTO contacts (id, name, type, contact_type, email, phone, mobile, address, city, province, zip_code, country, partita_iva, codice_fiscale, website, notes, priority, status, funnel_stage, funnel_value, funnel_position, lead_source, service_type, contact_date, linked_contact_id, created_at, updated_at) VALUES (115, 'Samuele Ballarini', 'COLLABORATION', NULL, 'samuele.ballarini@gmail.com', '3459687093', NULL, 'Caselle di Sommacampagna VR', NULL, NULL, NULL, 'IT', NULL, NULL, NULL, 'Aria da Burò... Se la crede ma c''è pochino', 1, 'active', NULL, NULL, 0, NULL, NULL, NULL, NULL, '2025-11-05 17:16:16', '2025-11-05 17:16:16');
INSERT INTO contacts (id, name, type, contact_type, email, phone, mobile, address, city, province, zip_code, country, partita_iva, codice_fiscale, website, notes, priority, status, funnel_stage, funnel_value, funnel_position, lead_source, service_type, contact_date, linked_contact_id, created_at, updated_at) VALUES (116, 'Micol Boschetti', 'COLLABORATION', NULL, 'micol.boschetti@gmail.com', '(+39) 347 8369103', NULL, 'Ferrara', NULL, NULL, NULL, 'IT', NULL, NULL, NULL, 'Project manager e content designer', 1, 'active', NULL, NULL, 0, NULL, NULL, NULL, NULL, '2025-11-06 10:09:52', '2025-11-06 10:09:52');
INSERT INTO contacts (id, name, type, contact_type, email, phone, mobile, address, city, province, zip_code, country, partita_iva, codice_fiscale, website, notes, priority, status, funnel_stage, funnel_value, funnel_position, lead_source, service_type, contact_date, linked_contact_id, created_at, updated_at) VALUES (117, 'Nikola Sitnic', 'COLLABORATION', NULL, 'nikola.sitnic@gmail.com', NULL, NULL, 'Trento', NULL, NULL, NULL, 'IT', NULL, NULL, NULL, 'Bravo, da tenere presente per UX design', 1, 'active', NULL, NULL, 0, NULL, NULL, NULL, NULL, '2025-11-06 10:12:50', '2025-11-06 10:12:50');
INSERT INTO contacts (id, name, type, contact_type, email, phone, mobile, address, city, province, zip_code, country, partita_iva, codice_fiscale, website, notes, priority, status, funnel_stage, funnel_value, funnel_position, lead_source, service_type, contact_date, linked_contact_id, created_at, updated_at) VALUES (118, 'Laura Bellati', 'COLLABORATION', NULL, 'bellatilaura06@gmail.com', '+39 340 94 132 51', NULL, 'Mantova', NULL, NULL, NULL, 'IT', NULL, NULL, NULL, 'Designer', 1, 'active', NULL, NULL, 0, NULL, NULL, NULL, NULL, '2025-11-16 16:00:01', '2025-11-16 16:00:01');
INSERT INTO contacts (id, name, type, contact_type, email, phone, mobile, address, city, province, zip_code, country, partita_iva, codice_fiscale, website, notes, priority, status, funnel_stage, funnel_value, funnel_position, lead_source, service_type, contact_date, linked_contact_id, created_at, updated_at) VALUES (119, 'Chiara Frantuzzi', 'COLLABORATION', NULL, 'chiafantuzzi@gmail.com', '+39 370 333 2328', NULL, 'Fabbrico RE', NULL, NULL, NULL, 'IT', NULL, NULL, NULL, 'Bravina, portfolio probabilmente fatto con Canva', 1, 'active', NULL, NULL, 0, NULL, NULL, NULL, NULL, '2025-11-16 16:02:32', '2025-11-16 16:02:32');
INSERT INTO contacts (id, name, type, contact_type, email, phone, mobile, address, city, province, zip_code, country, partita_iva, codice_fiscale, website, notes, priority, status, funnel_stage, funnel_value, funnel_position, lead_source, service_type, contact_date, linked_contact_id, created_at, updated_at) VALUES (121, 'Marco Paganotto', 'COLLABORATION', NULL, 'pgn.mrc0@gmail.com', '+39 328 3637 458', NULL, 'Berlino', NULL, NULL, NULL, 'IT', NULL, NULL, NULL, 'Designer freelance molto bravo, stile in linea', 1, 'active', NULL, NULL, 0, NULL, NULL, NULL, NULL, '2025-11-20 09:30:37', '2025-11-20 09:30:37');
INSERT INTO contacts (id, name, type, contact_type, email, phone, mobile, address, city, province, zip_code, country, partita_iva, codice_fiscale, website, notes, priority, status, funnel_stage, funnel_value, funnel_position, lead_source, service_type, contact_date, linked_contact_id, created_at, updated_at) VALUES (122, 'Patrizia Giacomazzi', 'COLLABORATION', NULL, 'gc.patrizia.art@gmail.com', NULL, NULL, 'Verona', NULL, NULL, NULL, 'IT', NULL, NULL, NULL, 'Bravina forte nelle illustrazioni', 1, 'active', NULL, NULL, 0, NULL, NULL, NULL, NULL, '2025-11-20 09:35:04', '2025-11-20 09:35:04');
INSERT INTO contacts (id, name, type, contact_type, email, phone, mobile, address, city, province, zip_code, country, partita_iva, codice_fiscale, website, notes, priority, status, funnel_stage, funnel_value, funnel_position, lead_source, service_type, contact_date, linked_contact_id, created_at, updated_at) VALUES (123, 'Chiara Pigaiani', 'COLLABORATION', NULL, 'chiara.pigaiani@gmail.com', '+393423263235', NULL, 'Legnago', NULL, NULL, NULL, 'IT', NULL, NULL, NULL, 'Forte sulle illustrazioni', 1, 'active', NULL, NULL, 0, NULL, NULL, NULL, NULL, '2025-11-20 09:37:39', '2025-11-20 09:37:39');
INSERT INTO contacts (id, name, type, contact_type, email, phone, mobile, address, city, province, zip_code, country, partita_iva, codice_fiscale, website, notes, priority, status, funnel_stage, funnel_value, funnel_position, lead_source, service_type, contact_date, linked_contact_id, created_at, updated_at) VALUES (124, 'Mario Rossi Srl', 'CLIENT', NULL, 'marangonidavide05@gmail.com', NULL, NULL, NULL, NULL, NULL, NULL, 'IT', 'IT05052740239', NULL, NULL, NULL, 2, 'active', NULL, NULL, 0, NULL, NULL, NULL, NULL, '2025-11-20 14:21:04', '2025-11-20 14:21:04');
INSERT INTO contacts (id, name, type, contact_type, email, phone, mobile, address, city, province, zip_code, country, partita_iva, codice_fiscale, website, notes, priority, status, funnel_stage, funnel_value, funnel_position, lead_source, service_type, contact_date, linked_contact_id, created_at, updated_at) VALUES (125, 'Studio Bardolino SRL', 'PROSPECT', NULL, 'olzipicla10@gmail.com', '+393479075481', NULL, 'Via Marconi, 32 Bardolino VR', NULL, NULL, NULL, 'IT', 'IT05103220231', NULL, NULL, NULL, 2, 'active', NULL, NULL, 0, NULL, NULL, NULL, NULL, '2025-11-20 16:09:33', '2025-12-16 10:32:02');
INSERT INTO contacts (id, name, type, contact_type, email, phone, mobile, address, city, province, zip_code, country, partita_iva, codice_fiscale, website, notes, priority, status, funnel_stage, funnel_value, funnel_position, lead_source, service_type, contact_date, linked_contact_id, created_at, updated_at) VALUES (126, 'Albert Minibaev', 'COLLABORATION', NULL, 'albi.minibaev@gmail.com', '3883779894', NULL, 'Bologna', NULL, NULL, NULL, 'IT', NULL, NULL, NULL, 'Da tenere presente per video Valpostay', 1, 'active', NULL, NULL, 0, NULL, NULL, NULL, NULL, '2025-11-24 13:36:03', '2025-11-24 13:36:03');
INSERT INTO contacts (id, name, type, contact_type, email, phone, mobile, address, city, province, zip_code, country, partita_iva, codice_fiscale, website, notes, priority, status, funnel_stage, funnel_value, funnel_position, lead_source, service_type, contact_date, linked_contact_id, created_at, updated_at) VALUES (127, 'Chiara Scattolon', 'COLLABORATION', NULL, 'scattolonchiara@gmail.com', '+393408708406', NULL, 'San Giorgio in Bosco PD', NULL, NULL, NULL, 'IT', NULL, NULL, NULL, 'Social Media Manager stile Freepik', 1, 'active', NULL, NULL, 0, NULL, NULL, NULL, NULL, '2025-11-24 13:40:54', '2025-11-24 13:40:54');
INSERT INTO contacts (id, name, type, contact_type, email, phone, mobile, address, city, province, zip_code, country, partita_iva, codice_fiscale, website, notes, priority, status, funnel_stage, funnel_value, funnel_position, lead_source, service_type, contact_date, linked_contact_id, created_at, updated_at) VALUES (128, 'Claudio Bressan', 'COLLABORATION', NULL, 'claudiobressandesign@gmail.com', NULL, NULL, 'Padova', NULL, NULL, NULL, 'IT', NULL, NULL, NULL, 'C''è potenziale inespresso', 1, 'active', NULL, NULL, 0, NULL, NULL, NULL, NULL, '2025-11-24 13:44:29', '2025-11-24 13:44:29');
INSERT INTO contacts (id, name, type, contact_type, email, phone, mobile, address, city, province, zip_code, country, partita_iva, codice_fiscale, website, notes, priority, status, funnel_stage, funnel_value, funnel_position, lead_source, service_type, contact_date, linked_contact_id, created_at, updated_at) VALUES (129, 'Pippo Baudo Srl', 'CLIENT', NULL, 'marangonidavide05@gmail.com', '3275995680', NULL, 'Via Baudo 25', NULL, NULL, NULL, 'IT', NULL, NULL, NULL, NULL, 2, 'active', NULL, NULL, 0, NULL, NULL, NULL, NULL, '2025-11-24 17:16:10', '2025-11-24 17:16:10');
INSERT INTO contacts (id, name, type, contact_type, email, phone, mobile, address, city, province, zip_code, country, partita_iva, codice_fiscale, website, notes, priority, status, funnel_stage, funnel_value, funnel_position, lead_source, service_type, contact_date, linked_contact_id, created_at, updated_at) VALUES (200, 'Tecnorete Villafranca', 'PROSPECT', NULL, NULL, NULL, NULL, NULL, NULL, NULL, NULL, 'IT', NULL, NULL, NULL, NULL, 0, 'active', 'chiusi', 5628.0, 1, 'passaparola', 'Gestione Social', NULL, NULL, '2025-08-06 20:07:34', '2025-08-06 20:07:34');
INSERT INTO contacts (id, name, type, contact_type, email, phone, mobile, address, city, province, zip_code, country, partita_iva, codice_fiscale, website, notes, priority, status, funnel_stage, funnel_value, funnel_position, lead_source, service_type, contact_date, linked_contact_id, created_at, updated_at) VALUES (201, 'PagheSolution', 'PROSPECT', NULL, 'info@paghesolution.it', NULL, NULL, NULL, NULL, NULL, NULL, 'IT', NULL, NULL, NULL, NULL, 0, 'active', 'chiusi', 2300.0, 2, 'passaparola', 'Logo redesign, web e social', NULL, NULL, '2025-08-08 16:19:17', '2025-12-10 13:58:22');
INSERT INTO contacts (id, name, type, contact_type, email, phone, mobile, address, city, province, zip_code, country, partita_iva, codice_fiscale, website, notes, priority, status, funnel_stage, funnel_value, funnel_position, lead_source, service_type, contact_date, linked_contact_id, created_at, updated_at) VALUES (202, 'ValeDent', 'PROSPECT', NULL, NULL, NULL, NULL, NULL, NULL, NULL, NULL, 'IT', NULL, NULL, NULL, NULL, 0, 'active', 'chiusi', 3152.0, 3, 'passaparola', 'Social Media Presence', NULL, NULL, '2025-08-08 16:20:50', '2025-08-08 16:20:50');
INSERT INTO contacts (id, name, type, contact_type, email, phone, mobile, address, city, province, zip_code, country, partita_iva, codice_fiscale, website, notes, priority, status, funnel_stage, funnel_value, funnel_position, lead_source, service_type, contact_date, linked_contact_id, created_at, updated_at) VALUES (203, 'Alessandro Acquaviva', 'PROSPECT', NULL, NULL, NULL, NULL, NULL, NULL, NULL, NULL, 'IT', NULL, NULL, NULL, NULL, 0, 'active', 'chiusi', 690.0, 4, 'referral', 'Logo design', NULL, NULL, '2025-08-08 16:22:56', '2025-08-08 16:22:56');
INSERT INTO contacts (id, name, type, contact_type, email, phone, mobile, address, city, province, zip_code, country, partita_iva, codice_fiscale, website, notes, priority, status, funnel_stage, funnel_value, funnel_position, lead_source, service_type, contact_date, linked_contact_id, created_at, updated_at) VALUES (204, 'Marco Frezza', 'PROSPECT', NULL, NULL, NULL, NULL, NULL, NULL, NULL, NULL, 'IT', NULL, NULL, NULL, NULL, 0, 'active', 'chiusi', 5000.0, 5, 'referral', 'Webapp e brand identity', NULL, NULL, '2025-08-08 16:25:12', '2025-08-08 16:25:12');
INSERT INTO contacts (id, name, type, contact_type, email, phone, mobile, address, city, province, zip_code, country, partita_iva, codice_fiscale, website, notes, priority, status, funnel_stage, funnel_value, funnel_position, lead_source, service_type, contact_date, linked_contact_id, created_at, updated_at) VALUES (205, 'ValeDent Avanzamento', 'PROSPECT', NULL, 'irene.amorelli@serimedical.it', NULL, NULL, NULL, NULL, NULL, NULL, 'IT', NULL, NULL, NULL, NULL, 0, 'active', 'chiusi', 1300.0, 6, 'passaparola', 'Presenza online offline', '2025-09-17', NULL, '2025-09-22 15:38:49', '2025-09-30 13:42:02');
INSERT INTO contacts (id, name, type, contact_type, email, phone, mobile, address, city, province, zip_code, country, partita_iva, codice_fiscale, website, notes, priority, status, funnel_stage, funnel_value, funnel_position, lead_source, service_type, contact_date, linked_contact_id, created_at, updated_at) VALUES (206, 'Industriale Cremona', 'PROSPECT', NULL, NULL, '3338772840', NULL, NULL, NULL, NULL, NULL, 'IT', NULL, NULL, NULL, NULL, 0, 'active', 'chiusi', 2500.0, 7, 'referral', 'Social Media Presence', '2025-10-01', NULL, '2025-10-01 15:25:35', '2025-10-02 08:47:05');
INSERT INTO contacts (id, name, type, contact_type, email, phone, mobile, address, city, province, zip_code, country, partita_iva, codice_fiscale, website, notes, priority, status, funnel_stage, funnel_value, funnel_position, lead_source, service_type, contact_date, linked_contact_id, created_at, updated_at) VALUES (207, 'ValpoStay', 'PROSPECT', NULL, NULL, NULL, NULL, NULL, NULL, NULL, NULL, 'IT', NULL, NULL, NULL, NULL, 0, 'active', 'chiusi', 1450.0, 8, 'passaparola', 'Brand Identity Full', '2025-09-30', NULL, '2025-09-30 15:14:08', '2025-10-02 08:47:37');
INSERT INTO contacts (id, name, type, contact_type, email, phone, mobile, address, city, province, zip_code, country, partita_iva, codice_fiscale, website, notes, priority, status, funnel_stage, funnel_value, funnel_position, lead_source, service_type, contact_date, linked_contact_id, created_at, updated_at) VALUES (208, 'Studio Bardolino', 'PROSPECT', NULL, NULL, NULL, NULL, NULL, NULL, NULL, NULL, 'IT', NULL, NULL, NULL, NULL, 0, 'active', 'chiusi', 1970.0, 9, 'passaparola', 'Gestione Social', NULL, NULL, '2025-11-25 15:13:38', '2025-11-25 15:13:38');
INSERT INTO contacts (id, name, type, contact_type, email, phone, mobile, address, city, province, zip_code, country, partita_iva, codice_fiscale, website, notes, priority, status, funnel_stage, funnel_value, funnel_position, lead_source, service_type, contact_date, linked_contact_id, created_at, updated_at) VALUES (209, 'MC Solutions Social', 'PROSPECT', NULL, NULL, NULL, NULL, NULL, NULL, NULL, NULL, 'IT', NULL, NULL, NULL, NULL, 0, 'active', 'chiusi', 449.0, 10, 'web', 'Gestione Social Media', NULL, NULL, '2025-12-01 10:00:00', '2025-12-01 10:00:00');
INSERT INTO contacts (id, name, type, contact_type, email, phone, mobile, address, city, province, zip_code, country, partita_iva, codice_fiscale, website, notes, priority, status, funnel_stage, funnel_value, funnel_position, lead_source, service_type, contact_date, linked_contact_id, created_at, updated_at) VALUES (220, 'Mia Forniture', 'PROSPECT', NULL, NULL, NULL, NULL, NULL, NULL, NULL, NULL, 'IT', NULL, NULL, NULL, NULL, 0, 'active', 'contattati', 1.0, 1, 'passaparola', 'Social + Naming', '2025-07-24', NULL, '2025-08-07 16:37:51', '2025-09-26 14:15:37');
INSERT INTO contacts (id, name, type, contact_type, email, phone, mobile, address, city, province, zip_code, country, partita_iva, codice_fiscale, website, notes, priority, status, funnel_stage, funnel_value, funnel_position, lead_source, service_type, contact_date, linked_contact_id, created_at, updated_at) VALUES (221, 'DETAILING GARAGE', 'PROSPECT', NULL, NULL, NULL, NULL, NULL, NULL, NULL, NULL, 'IT', NULL, NULL, NULL, NULL, 0, 'active', 'contattati', 1.0, 2, 'web', 'Sito web + marketing', '2025-09-29', NULL, '2025-09-23 15:59:29', '2025-11-25 16:18:18');
INSERT INTO contacts (id, name, type, contact_type, email, phone, mobile, address, city, province, zip_code, country, partita_iva, codice_fiscale, website, notes, priority, status, funnel_stage, funnel_value, funnel_position, lead_source, service_type, contact_date, linked_contact_id, created_at, updated_at) VALUES (222, 'La Stueta', 'PROSPECT', NULL, NULL, '0452232232', NULL, NULL, NULL, NULL, NULL, 'IT', NULL, NULL, NULL, NULL, 0, 'active', 'contattati', 1.0, 3, 'referral', 'Sito web, menù, social', '2025-10-06', NULL, '2025-10-06 15:11:36', '2025-11-25 16:18:18');
INSERT INTO contacts (id, name, type, contact_type, email, phone, mobile, address, city, province, zip_code, country, partita_iva, codice_fiscale, website, notes, priority, status, funnel_stage, funnel_value, funnel_position, lead_source, service_type, contact_date, linked_contact_id, created_at, updated_at) VALUES (223, 'Glow Chic', 'PROSPECT', NULL, 'glowchicsnc@gmail.com', '045 8580688', NULL, NULL, NULL, NULL, NULL, 'IT', NULL, NULL, NULL, NULL, 0, 'active', 'contattati', 1600.0, 4, 'altro', 'Social + sito', '2025-10-09', NULL, '2025-10-09 10:06:57', '2025-11-25 16:18:18');
INSERT INTO contacts (id, name, type, contact_type, email, phone, mobile, address, city, province, zip_code, country, partita_iva, codice_fiscale, website, notes, priority, status, funnel_stage, funnel_value, funnel_position, lead_source, service_type, contact_date, linked_contact_id, created_at, updated_at) VALUES (224, 'Palma ADV', 'PROSPECT', NULL, NULL, NULL, NULL, NULL, NULL, NULL, NULL, 'IT', NULL, NULL, NULL, NULL, 0, 'active', 'contattati', 1.0, 5, 'web', 'Sito Web', '2025-10-20', NULL, '2025-10-19 19:25:26', '2025-11-25 16:18:18');
INSERT INTO contacts (id, name, type, contact_type, email, phone, mobile, address, city, province, zip_code, country, partita_iva, codice_fiscale, website, notes, priority, status, funnel_stage, funnel_value, funnel_position, lead_source, service_type, contact_date, linked_contact_id, created_at, updated_at) VALUES (240, 'The soda jerk', 'PROSPECT', NULL, NULL, '0452375108', NULL, NULL, NULL, NULL, NULL, 'IT', NULL, NULL, NULL, NULL, 0, 'active', 'daContattare', 1.0, 1, 'web', 'Social + sito', NULL, NULL, '2025-09-23 15:39:29', '2025-09-26 14:16:06');
INSERT INTO contacts (id, name, type, contact_type, email, phone, mobile, address, city, province, zip_code, country, partita_iva, codice_fiscale, website, notes, priority, status, funnel_stage, funnel_value, funnel_position, lead_source, service_type, contact_date, linked_contact_id, created_at, updated_at) VALUES (241, 'FRZ Lab', 'PROSPECT', NULL, 'frizzante.lab@gmail.com', NULL, NULL, NULL, NULL, NULL, NULL, 'IT', NULL, NULL, NULL, NULL, 0, 'active', 'daContattare', 1.0, 2, 'referral', 'Brand identity completa', NULL, NULL, '2025-09-23 15:41:55', '2025-09-26 14:16:06');
INSERT INTO contacts (id, name, type, contact_type, email, phone, mobile, address, city, province, zip_code, country, partita_iva, codice_fiscale, website, notes, priority, status, funnel_stage, funnel_value, funnel_position, lead_source, service_type, contact_date, linked_contact_id, created_at, updated_at) VALUES (242, 'L''Alchimista', 'PROSPECT', NULL, NULL, '+393780667939', NULL, NULL, NULL, NULL, NULL, 'IT', NULL, NULL, NULL, NULL, 0, 'active', 'daContattare', 1.0, 3, 'social', 'Sito web e social', NULL, NULL, '2025-09-23 15:44:51', '2025-09-26 14:16:10');
INSERT INTO contacts (id, name, type, contact_type, email, phone, mobile, address, city, province, zip_code, country, partita_iva, codice_fiscale, website, notes, priority, status, funnel_stage, funnel_value, funnel_position, lead_source, service_type, contact_date, linked_contact_id, created_at, updated_at) VALUES (243, 'Fluxin Shop', 'PROSPECT', NULL, NULL, '045514819', NULL, NULL, NULL, NULL, NULL, 'IT', NULL, NULL, NULL, NULL, 0, 'active', 'daContattare', 1.0, 4, 'web', 'Sito web + Social media', NULL, NULL, '2025-09-23 15:46:25', '2025-09-26 14:16:10');
INSERT INTO contacts (id, name, type, contact_type, email, phone, mobile, address, city, province, zip_code, country, partita_iva, codice_fiscale, website, notes, priority, status, funnel_stage, funnel_value, funnel_position, lead_source, service_type, contact_date, linked_contact_id, created_at, updated_at) VALUES (244, 'Officina VR', 'PROSPECT', NULL, NULL, '045 801 0009', NULL, NULL, NULL, NULL, NULL, 'IT', NULL, NULL, NULL, NULL, 0, 'active', 'daContattare', 1.0, 5, 'web', 'Sito web', NULL, NULL, '2025-09-23 15:53:08', '2025-09-26 14:16:10');
INSERT INTO contacts (id, name, type, contact_type, email, phone, mobile, address, city, province, zip_code, country, partita_iva, codice_fiscale, website, notes, priority, status, funnel_stage, funnel_value, funnel_position, lead_source, service_type, contact_date, linked_contact_id, created_at, updated_at) VALUES (245, 'Pikko gelateria', 'PROSPECT', NULL, NULL, '+39 351 5480896', NULL, NULL, NULL, NULL, NULL, 'IT', NULL, NULL, NULL, NULL, 0, 'active', 'daContattare', 1.0, 6, 'passaparola', 'Sito web + social', NULL, NULL, '2025-09-23 16:00:50', '2025-09-29 13:46:51');
INSERT INTO contacts (id, name, type, contact_type, email, phone, mobile, address, city, province, zip_code, country, partita_iva, codice_fiscale, website, notes, priority, status, funnel_stage, funnel_value, funnel_position, lead_source, service_type, contact_date, linked_contact_id, created_at, updated_at) VALUES (246, 'Gelateria California', 'PROSPECT', NULL, NULL, NULL, NULL, NULL, NULL, NULL, NULL, 'IT', NULL, NULL, NULL, NULL, 0, 'active', 'daContattare', 1.0, 7, 'web', 'Social + sito', NULL, NULL, '2025-09-25 09:01:07', '2025-09-29 13:46:51');
INSERT INTO contacts (id, name, type, contact_type, email, phone, mobile, address, city, province, zip_code, country, partita_iva, codice_fiscale, website, notes, priority, status, funnel_stage, funnel_value, funnel_position, lead_source, service_type, contact_date, linked_contact_id, created_at, updated_at) VALUES (247, 'Relais Rossar', 'PROSPECT', NULL, 'info@relaisrossar.it', '+39 045 725 6642', NULL, NULL, NULL, NULL, NULL, 'IT', NULL, NULL, NULL, NULL, 0, 'active', 'daContattare', 1.0, 8, 'web', 'Social Media', NULL, NULL, '2025-09-30 13:56:39', '2025-10-06 15:14:59');
INSERT INTO contacts (id, name, type, contact_type, email, phone, mobile, address, city, province, zip_code, country, partita_iva, codice_fiscale, website, notes, priority, status, funnel_stage, funnel_value, funnel_position, lead_source, service_type, contact_date, linked_contact_id, created_at, updated_at) VALUES (248, 'greenvillegraficaestampa', 'PROSPECT', NULL, NULL, NULL, NULL, NULL, NULL, NULL, NULL, 'IT', NULL, NULL, NULL, NULL, 0, 'active', 'daContattare', 1.0, 9, 'web', 'Nuovo sito', NULL, NULL, '2025-09-30 13:58:21', '2025-10-06 15:14:59');
INSERT INTO contacts (id, name, type, contact_type, email, phone, mobile, address, city, province, zip_code, country, partita_iva, codice_fiscale, website, notes, priority, status, funnel_stage, funnel_value, funnel_position, lead_source, service_type, contact_date, linked_contact_id, created_at, updated_at) VALUES (249, 'Immobiliare Zenorini', 'PROSPECT', NULL, NULL, '340/1652650', NULL, NULL, NULL, NULL, NULL, 'IT', NULL, NULL, NULL, NULL, 0, 'active', 'daContattare', 1.0, 10, 'web', 'Rifacimento Sito Web', NULL, NULL, '2025-10-01 18:02:20', '2025-10-06 15:43:27');
INSERT INTO contacts (id, name, type, contact_type, email, phone, mobile, address, city, province, zip_code, country, partita_iva, codice_fiscale, website, notes, priority, status, funnel_stage, funnel_value, funnel_position, lead_source, service_type, contact_date, linked_contact_id, created_at, updated_at) VALUES (250, 'Principe di Ragada', 'PROSPECT', NULL, NULL, NULL, NULL, NULL, NULL, NULL, NULL, 'IT', NULL, NULL, NULL, NULL, 0, 'active', 'daContattare', 1.0, 11, 'altro', 'Brand, sito e social', NULL, NULL, '2025-10-04 16:25:01', '2025-10-06 15:14:59');
INSERT INTO contacts (id, name, type, contact_type, email, phone, mobile, address, city, province, zip_code, country, partita_iva, codice_fiscale, website, notes, priority, status, funnel_stage, funnel_value, funnel_position, lead_source, service_type, contact_date, linked_contact_id, created_at, updated_at) VALUES (251, 'Dottor Kamal', 'PROSPECT', NULL, NULL, '045 8969122', NULL, NULL, NULL, NULL, NULL, 'IT', NULL, NULL, NULL, NULL, 0, 'active', 'daContattare', 1.0, 12, 'referral', 'Cartellonistica', NULL, NULL, '2025-09-25 19:54:15', '2025-10-06 15:20:51');
INSERT INTO contacts (id, name, type, contact_type, email, phone, mobile, address, city, province, zip_code, country, partita_iva, codice_fiscale, website, notes, priority, status, funnel_stage, funnel_value, funnel_position, lead_source, service_type, contact_date, linked_contact_id, created_at, updated_at) VALUES (252, 'Bigger Burger', 'PROSPECT', NULL, NULL, NULL, NULL, NULL, NULL, NULL, NULL, 'IT', NULL, NULL, NULL, NULL, 0, 'active', 'daContattare', 1.0, 13, 'altro', 'Sito web', NULL, NULL, '2025-10-12 17:14:05', '2025-10-12 17:14:05');
INSERT INTO contacts (id, name, type, contact_type, email, phone, mobile, address, city, province, zip_code, country, partita_iva, codice_fiscale, website, notes, priority, status, funnel_stage, funnel_value, funnel_position, lead_source, service_type, contact_date, linked_contact_id, created_at, updated_at) VALUES (260, 'Agenzia Imm. Santa Croce', 'PROSPECT', NULL, NULL, NULL, NULL, NULL, NULL, NULL, NULL, 'IT', NULL, NULL, NULL, NULL, 0, 'active', 'persi', 3750.0, 1, 'passaparola', 'Social, Brand', NULL, NULL, '2025-08-08 16:08:05', '2025-08-08 16:08:05');
INSERT INTO contacts (id, name, type, contact_type, email, phone, mobile, address, city, province, zip_code, country, partita_iva, codice_fiscale, website, notes, priority, status, funnel_stage, funnel_value, funnel_position, lead_source, service_type, contact_date, linked_contact_id, created_at, updated_at) VALUES (261, 'Manu Creation Home', 'PROSPECT', NULL, NULL, NULL, NULL, NULL, NULL, NULL, NULL, 'IT', NULL, NULL, NULL, NULL, 0, 'active', 'persi', 1350.0, 2, 'passaparola', 'Creazione brand', NULL, NULL, '2025-08-08 16:08:58', '2025-08-08 16:08:58');
INSERT INTO contacts (id, name, type, contact_type, email, phone, mobile, address, city, province, zip_code, country, partita_iva, codice_fiscale, website, notes, priority, status, funnel_stage, funnel_value, funnel_position, lead_source, service_type, contact_date, linked_contact_id, created_at, updated_at) VALUES (262, 'Mantovani Ittici', 'PROSPECT', NULL, NULL, NULL, NULL, NULL, NULL, NULL, NULL, 'IT', NULL, NULL, NULL, NULL, 0, 'active', 'persi', 2250.0, 3, 'passaparola', 'Nuovo sito', NULL, NULL, '2025-08-08 16:10:15', '2025-08-08 16:13:37');
INSERT INTO contacts (id, name, type, contact_type, email, phone, mobile, address, city, province, zip_code, country, partita_iva, codice_fiscale, website, notes, priority, status, funnel_stage, funnel_value, funnel_position, lead_source, service_type, contact_date, linked_contact_id, created_at, updated_at) VALUES (263, 'Officina18', 'PROSPECT', NULL, NULL, NULL, NULL, NULL, NULL, NULL, NULL, 'IT', NULL, NULL, NULL, NULL, 0, 'active', 'persi', 3950.0, 4, 'passaparola', 'Social Media Presence', NULL, NULL, '2025-08-08 16:11:15', '2025-08-08 16:11:15');
INSERT INTO contacts (id, name, type, contact_type, email, phone, mobile, address, city, province, zip_code, country, partita_iva, codice_fiscale, website, notes, priority, status, funnel_stage, funnel_value, funnel_position, lead_source, service_type, contact_date, linked_contact_id, created_at, updated_at) VALUES (264, 'Verona Green Movieland', 'PROSPECT', NULL, NULL, NULL, NULL, NULL, NULL, NULL, NULL, 'IT', NULL, NULL, NULL, NULL, 0, 'active', 'persi', 6828.0, 5, 'referral', 'Social Media Presence', NULL, NULL, '2025-08-08 16:11:57', '2025-08-08 16:11:57');
INSERT INTO contacts (id, name, type, contact_type, email, phone, mobile, address, city, province, zip_code, country, partita_iva, codice_fiscale, website, notes, priority, status, funnel_stage, funnel_value, funnel_position, lead_source, service_type, contact_date, linked_contact_id, created_at, updated_at) VALUES (265, 'Tecnorete Pedemonte', 'PROSPECT', NULL, NULL, NULL, NULL, NULL, NULL, NULL, NULL, 'IT', NULL, NULL, NULL, NULL, 0, 'active', 'persi', 2356.0, 6, 'referral', 'Social Media Presence', NULL, NULL, '2025-08-08 16:13:03', '2025-08-08 16:13:25');
INSERT INTO contacts (id, name, type, contact_type, email, phone, mobile, address, city, province, zip_code, country, partita_iva, codice_fiscale, website, notes, priority, status, funnel_stage, funnel_value, funnel_position, lead_source, service_type, contact_date, linked_contact_id, created_at, updated_at) VALUES (266, 'Tecnocasa Padova Guizza', 'PROSPECT', NULL, NULL, NULL, NULL, NULL, NULL, NULL, NULL, 'IT', NULL, NULL, NULL, NULL, 0, 'active', 'persi', 2356.0, 7, 'referral', 'Social Media Presence', NULL, NULL, '2025-08-08 16:14:27', '2025-08-08 16:14:27');
INSERT INTO contacts (id, name, type, contact_type, email, phone, mobile, address, city, province, zip_code, country, partita_iva, codice_fiscale, website, notes, priority, status, funnel_stage, funnel_value, funnel_position, lead_source, service_type, contact_date, linked_contact_id, created_at, updated_at) VALUES (267, 'Zephyra', 'PROSPECT', NULL, NULL, NULL, NULL, NULL, NULL, NULL, NULL, 'IT', NULL, NULL, NULL, NULL, 0, 'active', 'persi', 5900.0, 8, 'web', 'Brand Identity e Web', NULL, NULL, '2025-08-08 16:15:10', '2025-08-08 16:15:10');
INSERT INTO contacts (id, name, type, contact_type, email, phone, mobile, address, city, province, zip_code, country, partita_iva, codice_fiscale, website, notes, priority, status, funnel_stage, funnel_value, funnel_position, lead_source, service_type, contact_date, linked_contact_id, created_at, updated_at) VALUES (268, 'Marco Frezza', 'PROSPECT', NULL, NULL, NULL, NULL, NULL, NULL, NULL, NULL, 'IT', NULL, NULL, NULL, NULL, 0, 'active', 'persi', 4950.0, 9, 'referral', 'Sviluppo webapp', NULL, NULL, '2025-08-08 16:25:55', '2025-08-08 16:25:55');
INSERT INTO contacts (id, name, type, contact_type, email, phone, mobile, address, city, province, zip_code, country, partita_iva, codice_fiscale, website, notes, priority, status, funnel_stage, funnel_value, funnel_position, lead_source, service_type, contact_date, linked_contact_id, created_at, updated_at) VALUES (269, 'Tecnorete Bussolengo', 'PROSPECT', NULL, NULL, NULL, NULL, NULL, NULL, NULL, NULL, 'IT', NULL, NULL, NULL, NULL, 0, 'active', 'persi', 7788.0, 10, 'referral', 'Social Media Presence', NULL, NULL, '2025-08-29 15:33:24', '2025-08-29 15:35:21');
INSERT INTO contacts (id, name, type, contact_type, email, phone, mobile, address, city, province, zip_code, country, partita_iva, codice_fiscale, website, notes, priority, status, funnel_stage, funnel_value, funnel_position, lead_source, service_type, contact_date, linked_contact_id, created_at, updated_at) VALUES (270, 'Mary Joans Apartment', 'PROSPECT', NULL, NULL, NULL, NULL, NULL, NULL, NULL, NULL, 'IT', NULL, NULL, NULL, NULL, 0, 'active', 'persi', 2190.0, 11, 'passaparola', 'Creazione Sito Web', NULL, NULL, '2025-09-22 14:48:32', '2025-09-22 14:48:39');
INSERT INTO contacts (id, name, type, contact_type, email, phone, mobile, address, city, province, zip_code, country, partita_iva, codice_fiscale, website, notes, priority, status, funnel_stage, funnel_value, funnel_position, lead_source, service_type, contact_date, linked_contact_id, created_at, updated_at) VALUES (271, 'Immobiliare Vigasio', 'PROSPECT', NULL, NULL, NULL, NULL, NULL, NULL, NULL, NULL, 'IT', NULL, NULL, NULL, NULL, 0, 'active', 'persi', 229.0, 12, 'referral', 'Shooting video social', NULL, NULL, '2025-09-22 15:36:45', '2025-09-26 14:15:53');
INSERT INTO contacts (id, name, type, contact_type, email, phone, mobile, address, city, province, zip_code, country, partita_iva, codice_fiscale, website, notes, priority, status, funnel_stage, funnel_value, funnel_position, lead_source, service_type, contact_date, linked_contact_id, created_at, updated_at) VALUES (272, 'Cheese Break Bistrot', 'PROSPECT', NULL, NULL, NULL, NULL, NULL, NULL, NULL, NULL, 'IT', NULL, NULL, NULL, NULL, 0, 'active', 'persi', 1.0, 13, 'evento', 'Brand Boost', NULL, NULL, '2025-08-06 20:14:29', '2025-09-26 14:16:06');
INSERT INTO contacts (id, name, type, contact_type, email, phone, mobile, address, city, province, zip_code, country, partita_iva, codice_fiscale, website, notes, priority, status, funnel_stage, funnel_value, funnel_position, lead_source, service_type, contact_date, linked_contact_id, created_at, updated_at) VALUES (273, 'White Monkey', 'PROSPECT', NULL, NULL, '+393401917580', NULL, NULL, NULL, NULL, NULL, 'IT', NULL, NULL, NULL, NULL, 0, 'active', 'persi', 1.0, 14, 'referral', 'Social + Sito + Brand', NULL, NULL, '2025-09-23 15:42:55', '2025-09-26 14:16:10');
INSERT INTO contacts (id, name, type, contact_type, email, phone, mobile, address, city, province, zip_code, country, partita_iva, codice_fiscale, website, notes, priority, status, funnel_stage, funnel_value, funnel_position, lead_source, service_type, contact_date, linked_contact_id, created_at, updated_at) VALUES (274, 'Fondazione de carneri', 'PROSPECT', NULL, NULL, NULL, NULL, NULL, NULL, NULL, NULL, 'IT', NULL, NULL, NULL, NULL, 0, 'active', 'persi', 3450.0, 15, 'passaparola', 'Sito web', NULL, NULL, '2025-10-22 20:41:55', '2025-11-04 17:06:52');


-- Table: contact_tags
-- CREATE TABLE "contact_tags" (
    "id" INTEGER NOT NULL PRIMARY KEY AUTOINCREMENT,
    "contact_id" INTEGER NOT NULL,
    "tag" TEXT NOT NULL,
    "color" TEXT DEFAULT '#3b82f6',
    "created_at" DATETIME NOT NULL DEFAULT CURRENT_TIMESTAMP,
    CONSTRAINT "contact_tags_contact_id_fkey" FOREIGN KEY ("contact_id") REFERENCES "contacts" ("id") ON DELETE CASCADE ON UPDATE CASCADE
)

-- No data in table: contact_tags


-- Table: contact_socials
-- CREATE TABLE "contact_socials" (
    "id" INTEGER NOT NULL PRIMARY KEY AUTOINCREMENT,
    "contact_id" INTEGER NOT NULL,
    "platform" TEXT NOT NULL,
    "url" TEXT NOT NULL,
    "username" TEXT,
    "created_at" DATETIME NOT NULL DEFAULT CURRENT_TIMESTAMP,
    CONSTRAINT "contact_socials_contact_id_fkey" FOREIGN KEY ("contact_id") REFERENCES "contacts" ("id") ON DELETE CASCADE ON UPDATE CASCADE
)

-- No data in table: contact_socials


-- Table: contact_custom_fields
-- CREATE TABLE "contact_custom_fields" (
    "id" INTEGER NOT NULL PRIMARY KEY AUTOINCREMENT,
    "contact_id" INTEGER NOT NULL,
    "field_name" TEXT NOT NULL,
    "field_value" TEXT NOT NULL,
    "field_type" TEXT NOT NULL DEFAULT 'text',
    "created_at" DATETIME NOT NULL DEFAULT CURRENT_TIMESTAMP,
    "updated_at" DATETIME NOT NULL,
    CONSTRAINT "contact_custom_fields_contact_id_fkey" FOREIGN KEY ("contact_id") REFERENCES "contacts" ("id") ON DELETE CASCADE ON UPDATE CASCADE
)

-- No data in table: contact_custom_fields


-- Table: lead_funnel_stages
-- CREATE TABLE "lead_funnel_stages" (
    "id" INTEGER NOT NULL PRIMARY KEY AUTOINCREMENT,
    "name" TEXT NOT NULL,
    "order" INTEGER NOT NULL,
    "color" TEXT DEFAULT '#3b82f6',
    "created_at" DATETIME NOT NULL DEFAULT CURRENT_TIMESTAMP,
    "updated_at" DATETIME NOT NULL
)

-- Data for table: lead_funnel_stages (4 rows)
INSERT INTO lead_funnel_stages (id, name, order, color, created_at, updated_at) VALUES (1, 'daContattare', 1, '#f59e0b', '2025-12-24 15:13:27', '2025-12-24 15:13:27');
INSERT INTO lead_funnel_stages (id, name, order, color, created_at, updated_at) VALUES (2, 'contattati', 2, '#3b82f6', '2025-12-24 15:13:27', '2025-12-24 15:13:27');
INSERT INTO lead_funnel_stages (id, name, order, color, created_at, updated_at) VALUES (3, 'chiusi', 3, '#22c55e', '2025-12-24 15:13:27', '2025-12-24 15:13:27');
INSERT INTO lead_funnel_stages (id, name, order, color, created_at, updated_at) VALUES (4, 'persi', 4, '#ef4444', '2025-12-24 15:13:27', '2025-12-24 15:13:27');


-- Table: task_categories
-- CREATE TABLE "task_categories" (
    "id" INTEGER NOT NULL PRIMARY KEY AUTOINCREMENT,
    "name" TEXT NOT NULL,
    "color" TEXT,
    "icon" TEXT,
    "is_active" BOOLEAN NOT NULL DEFAULT true,
    "created_at" DATETIME NOT NULL DEFAULT CURRENT_TIMESTAMP,
    "updated_at" DATETIME NOT NULL
)

-- Data for table: task_categories (6 rows)
INSERT INTO task_categories (id, name, color, icon, is_active, created_at, updated_at) VALUES (1, 'Content Creation', '#8b5cf6', NULL, 1, '2025-12-24 15:13:27', '2025-12-24 15:13:27');
INSERT INTO task_categories (id, name, color, icon, is_active, created_at, updated_at) VALUES (2, 'Design', '#3b82f6', NULL, 1, '2025-12-24 15:13:27', '2025-12-24 15:13:27');
INSERT INTO task_categories (id, name, color, icon, is_active, created_at, updated_at) VALUES (3, 'Amministrazione', '#f59e0b', NULL, 1, '2025-12-24 15:13:27', '2025-12-24 15:13:27');
INSERT INTO task_categories (id, name, color, icon, is_active, created_at, updated_at) VALUES (4, 'Sviluppo', '#22c55e', NULL, 1, '2025-12-24 15:13:27', '2025-12-24 15:13:27');
INSERT INTO task_categories (id, name, color, icon, is_active, created_at, updated_at) VALUES (5, 'Marketing', '#ec4899', NULL, 1, '2025-12-24 15:13:27', '2025-12-24 15:13:27');
INSERT INTO task_categories (id, name, color, icon, is_active, created_at, updated_at) VALUES (7, 'Commerciale', '#06b6d4', NULL, 1, '2025-12-24 15:13:27', '2025-12-24 15:13:27');


-- Table: tasks
-- CREATE TABLE "tasks" (
    "id" INTEGER NOT NULL PRIMARY KEY AUTOINCREMENT,
    "title" TEXT NOT NULL,
    "description" TEXT,
    "client_id" INTEGER,
    "category_id" INTEGER NOT NULL,
    "assigned_to" INTEGER NOT NULL,
    "created_by" INTEGER NOT NULL,
    "priority" TEXT NOT NULL DEFAULT 'P2',
    "status" TEXT NOT NULL DEFAULT 'TODO',
    "deadline" DATETIME NOT NULL,
    "estimated_hours" REAL DEFAULT 0,
    "actual_hours" REAL DEFAULT 0,
    "completed_at" DATETIME,
    "created_at" DATETIME NOT NULL DEFAULT CURRENT_TIMESTAMP,
    "updated_at" DATETIME NOT NULL,
    "updated_by" INTEGER,
    "visible_to_client" BOOLEAN NOT NULL DEFAULT true,
    "is_archived" BOOLEAN NOT NULL DEFAULT false,
    "archived_at" DATETIME,
    "archived_by" INTEGER,
    CONSTRAINT "tasks_client_id_fkey" FOREIGN KEY ("client_id") REFERENCES "contacts" ("id") ON DELETE SET NULL ON UPDATE CASCADE,
    CONSTRAINT "tasks_category_id_fkey" FOREIGN KEY ("category_id") REFERENCES "task_categories" ("id") ON DELETE RESTRICT ON UPDATE CASCADE,
    CONSTRAINT "tasks_assigned_to_fkey" FOREIGN KEY ("assigned_to") REFERENCES "users" ("id") ON DELETE CASCADE ON UPDATE CASCADE,
    CONSTRAINT "tasks_created_by_fkey" FOREIGN KEY ("created_by") REFERENCES "users" ("id") ON DELETE CASCADE ON UPDATE CASCADE,
    CONSTRAINT "tasks_updated_by_fkey" FOREIGN KEY ("updated_by") REFERENCES "users" ("id") ON DELETE SET NULL ON UPDATE CASCADE,
    CONSTRAINT "tasks_archived_by_fkey" FOREIGN KEY ("archived_by") REFERENCES "users" ("id") ON DELETE SET NULL ON UPDATE CASCADE
)

-- Data for table: tasks (86 rows)
INSERT INTO tasks (id, title, description, client_id, category_id, assigned_to, created_by, priority, status, deadline, estimated_hours, actual_hours, completed_at, created_at, updated_at, updated_by, visible_to_client, is_archived, archived_at, archived_by) VALUES (10, 'Presentazione per Tecnorete/Tecnocasa', '', NULL, 5, 3, 3, 'P1', 'COMPLETED', '2025-08-05', 0.0, 0.0, NULL, '2025-12-24 16:07:12', '2025-12-24 16:07:12', NULL, 1, 0, NULL, NULL);
INSERT INTO tasks (id, title, description, client_id, category_id, assigned_to, created_by, priority, status, deadline, estimated_hours, actual_hours, completed_at, created_at, updated_at, updated_by, visible_to_client, is_archived, archived_at, archived_by) VALUES (11, 'CED settembre', '', 36, 7, 3, 3, 'P1', 'COMPLETED', '2025-08-22', 0.0, 0.0, NULL, '2025-12-24 16:07:12', '2025-12-24 16:07:12', NULL, 1, 0, NULL, NULL);
INSERT INTO tasks (id, title, description, client_id, category_id, assigned_to, created_by, priority, status, deadline, estimated_hours, actual_hours, completed_at, created_at, updated_at, updated_by, visible_to_client, is_archived, archived_at, archived_by) VALUES (12, 'Newsletter Random Stuff', '', NULL, 1, 3, 3, 'P3', 'COMPLETED', '2025-08-04', 0.0, 0.0, NULL, '2025-12-24 16:07:12', '2025-12-24 16:07:12', NULL, 1, 0, NULL, NULL);
INSERT INTO tasks (id, title, description, client_id, category_id, assigned_to, created_by, priority, status, deadline, estimated_hours, actual_hours, completed_at, created_at, updated_at, updated_by, visible_to_client, is_archived, archived_at, archived_by) VALUES (13, 'Casi studio clienti da mettere sul sito', '', NULL, 5, 3, 3, 'P1', 'COMPLETED', '2025-08-13', 0.0, 0.0, NULL, '2025-12-24 16:07:12', '2025-12-24 16:07:12', NULL, 1, 0, NULL, NULL);
INSERT INTO tasks (id, title, description, client_id, category_id, assigned_to, created_by, priority, status, deadline, estimated_hours, actual_hours, completed_at, created_at, updated_at, updated_by, visible_to_client, is_archived, archived_at, archived_by) VALUES (14, 'Strategia per Frilens', '', NULL, 5, 3, 3, 'P1', 'COMPLETED', '2025-08-06', 0.0, 0.0, NULL, '2025-12-24 16:07:12', '2025-12-24 16:07:12', NULL, 1, 0, NULL, NULL);
INSERT INTO tasks (id, title, description, client_id, category_id, assigned_to, created_by, priority, status, deadline, estimated_hours, actual_hours, completed_at, created_at, updated_at, updated_by, visible_to_client, is_archived, archived_at, archived_by) VALUES (16, 'Scrivere a Irene per recensione', '', NULL, 7, 3, 3, 'P3', 'COMPLETED', '2025-08-08', 0.0, 0.0, NULL, '2025-12-24 16:07:12', '2025-12-24 16:07:12', NULL, 1, 0, NULL, NULL);
INSERT INTO tasks (id, title, description, client_id, category_id, assigned_to, created_by, priority, status, deadline, estimated_hours, actual_hours, completed_at, created_at, updated_at, updated_by, visible_to_client, is_archived, archived_at, archived_by) VALUES (21, 'Inviare fattura agosto Tecnorete', '', NULL, 3, 2, 3, 'P1', 'COMPLETED', '2025-08-06', 0.0, 0.0, NULL, '2025-12-24 16:07:12', '2025-12-24 16:07:12', NULL, 1, 0, NULL, NULL);
INSERT INTO tasks (id, title, description, client_id, category_id, assigned_to, created_by, priority, status, deadline, estimated_hours, actual_hours, completed_at, created_at, updated_at, updated_by, visible_to_client, is_archived, archived_at, archived_by) VALUES (22, 'Mockup Portale', 'Inclusa pagina di Login', NULL, 4, 3, 2, 'P1', 'COMPLETED', '2025-08-14', 0.0, 0.0, NULL, '2025-12-24 16:07:12', '2025-12-24 16:07:12', NULL, 1, 0, NULL, NULL);
INSERT INTO tasks (id, title, description, client_id, category_id, assigned_to, created_by, priority, status, deadline, estimated_hours, actual_hours, completed_at, created_at, updated_at, updated_by, visible_to_client, is_archived, archived_at, archived_by) VALUES (23, 'Creazione nuova proposta', 'Creazione nuova proposta, da integrare con il nuovo portale', NULL, 4, 3, 2, 'P1', 'COMPLETED', '2025-09-02', 0.0, 0.0, NULL, '2025-12-24 16:07:12', '2025-12-24 16:07:12', NULL, 1, 0, NULL, NULL);
INSERT INTO tasks (id, title, description, client_id, category_id, assigned_to, created_by, priority, status, deadline, estimated_hours, actual_hours, completed_at, created_at, updated_at, updated_by, visible_to_client, is_archived, archived_at, archived_by) VALUES (25, 'Newsletter Sans-Titre mercoledì', '', NULL, 1, 3, 3, 'P2', 'COMPLETED', '2025-08-19', 0.0, 0.0, NULL, '2025-12-24 16:07:12', '2025-12-24 16:07:12', NULL, 1, 0, NULL, NULL);
INSERT INTO tasks (id, title, description, client_id, category_id, assigned_to, created_by, priority, status, deadline, estimated_hours, actual_hours, completed_at, created_at, updated_at, updated_by, visible_to_client, is_archived, archived_at, archived_by) VALUES (27, 'Post Produzione Reel', '', 36, 1, 2, 2, 'P2', 'COMPLETED', '2025-08-13', 0.0, 0.0, NULL, '2025-12-24 16:07:12', '2025-12-24 16:07:12', NULL, 1, 0, NULL, NULL);
INSERT INTO tasks (id, title, description, client_id, category_id, assigned_to, created_by, priority, status, deadline, estimated_hours, actual_hours, completed_at, created_at, updated_at, updated_by, visible_to_client, is_archived, archived_at, archived_by) VALUES (28, 'Fix - Stampa fatture', '', NULL, 4, 2, 2, 'P2', 'COMPLETED', '2025-08-13', 0.0, 0.0, NULL, '2025-12-24 16:07:12', '2025-12-24 16:07:12', NULL, 1, 0, NULL, NULL);
INSERT INTO tasks (id, title, description, client_id, category_id, assigned_to, created_by, priority, status, deadline, estimated_hours, actual_hours, completed_at, created_at, updated_at, updated_by, visible_to_client, is_archived, archived_at, archived_by) VALUES (29, 'Contattare Studio Squarzoni', '', 59, 3, 2, 2, 'P1', 'COMPLETED', '2025-08-13', 0.0, 0.0, NULL, '2025-12-24 16:07:12', '2025-12-24 16:07:12', NULL, 1, 0, NULL, NULL);
INSERT INTO tasks (id, title, description, client_id, category_id, assigned_to, created_by, priority, status, deadline, estimated_hours, actual_hours, completed_at, created_at, updated_at, updated_by, visible_to_client, is_archived, archived_at, archived_by) VALUES (30, 'Favicon Portale', '', NULL, 2, 3, 2, 'P2', 'COMPLETED', '2025-08-14', 0.0, 0.0, NULL, '2025-12-24 16:07:12', '2025-12-24 16:07:12', NULL, 1, 0, NULL, NULL);
INSERT INTO tasks (id, title, description, client_id, category_id, assigned_to, created_by, priority, status, deadline, estimated_hours, actual_hours, completed_at, created_at, updated_at, updated_by, visible_to_client, is_archived, archived_at, archived_by) VALUES (31, 'CED ValeDent settembre-ottobre', '', 43, 1, 3, 3, 'P1', 'COMPLETED', '2025-08-22', 0.0, 0.0, NULL, '2025-12-24 16:07:12', '2025-12-24 16:07:12', NULL, 1, 0, NULL, NULL);
INSERT INTO tasks (id, title, description, client_id, category_id, assigned_to, created_by, priority, status, deadline, estimated_hours, actual_hours, completed_at, created_at, updated_at, updated_by, visible_to_client, is_archived, archived_at, archived_by) VALUES (33, 'Preparare post per settembre-ottobre', '', 43, 1, 3, 3, 'P1', 'COMPLETED', '2025-08-25', 0.0, 0.0, NULL, '2025-12-24 16:07:12', '2025-12-24 16:07:12', NULL, 1, 0, NULL, NULL);
INSERT INTO tasks (id, title, description, client_id, category_id, assigned_to, created_by, priority, status, deadline, estimated_hours, actual_hours, completed_at, created_at, updated_at, updated_by, visible_to_client, is_archived, archived_at, archived_by) VALUES (38, 'Biglietti da visita MISMO', '', NULL, 2, 2, 2, 'P1', 'COMPLETED', '2025-08-27', 0.0, 0.0, NULL, '2025-12-24 16:07:12', '2025-12-24 16:07:12', NULL, 1, 0, NULL, NULL);
INSERT INTO tasks (id, title, description, client_id, category_id, assigned_to, created_by, priority, status, deadline, estimated_hours, actual_hours, completed_at, created_at, updated_at, updated_by, visible_to_client, is_archived, archived_at, archived_by) VALUES (40, 'Contattare Copisteria', '', NULL, 3, 2, 2, 'P1', 'COMPLETED', '2025-08-25', 0.0, 0.0, NULL, '2025-12-24 16:07:12', '2025-12-24 16:07:12', NULL, 1, 0, NULL, NULL);
INSERT INTO tasks (id, title, description, client_id, category_id, assigned_to, created_by, priority, status, deadline, estimated_hours, actual_hours, completed_at, created_at, updated_at, updated_by, visible_to_client, is_archived, archived_at, archived_by) VALUES (41, 'Prova', '', 57, 2, 2, 2, 'P2', 'COMPLETED', '2025-08-25', 0.0, 0.0, NULL, '2025-12-24 16:07:12', '2025-12-24 16:07:12', NULL, 1, 0, NULL, NULL);
INSERT INTO tasks (id, title, description, client_id, category_id, assigned_to, created_by, priority, status, deadline, estimated_hours, actual_hours, completed_at, created_at, updated_at, updated_by, visible_to_client, is_archived, archived_at, archived_by) VALUES (42, 'Test prova', '', 49, 3, 3, 3, 'P1', 'COMPLETED', '2025-08-25', 0.0, 0.0, NULL, '2025-12-24 16:07:12', '2025-12-24 16:07:12', NULL, 1, 0, NULL, NULL);
INSERT INTO tasks (id, title, description, client_id, category_id, assigned_to, created_by, priority, status, deadline, estimated_hours, actual_hours, completed_at, created_at, updated_at, updated_by, visible_to_client, is_archived, archived_at, archived_by) VALUES (43, 'Chiedere recensioni - MC - Ale e Tommy - Acquaviva', '', NULL, 3, 2, 2, 'P2', 'COMPLETED', '2025-09-02', 0.0, 0.0, NULL, '2025-12-24 16:07:12', '2025-12-24 16:07:12', NULL, 1, 0, NULL, NULL);
INSERT INTO tasks (id, title, description, client_id, category_id, assigned_to, created_by, priority, status, deadline, estimated_hours, actual_hours, completed_at, created_at, updated_at, updated_by, visible_to_client, is_archived, archived_at, archived_by) VALUES (44, 'Registrazione Marchio MISMO', '', NULL, 3, 2, 2, 'P3', 'COMPLETED', '2025-09-11', 0.0, 0.0, NULL, '2025-12-24 16:07:12', '2025-12-24 16:07:12', NULL, 1, 0, NULL, NULL);
INSERT INTO tasks (id, title, description, client_id, category_id, assigned_to, created_by, priority, status, deadline, estimated_hours, actual_hours, completed_at, created_at, updated_at, updated_by, visible_to_client, is_archived, archived_at, archived_by) VALUES (47, 'Sistemazione Stile e CSS preventivo.php', '', NULL, 2, 2, 2, 'P1', 'COMPLETED', '2025-09-18', 0.0, 0.0, NULL, '2025-12-24 16:07:12', '2025-12-24 16:07:12', NULL, 1, 0, NULL, NULL);
INSERT INTO tasks (id, title, description, client_id, category_id, assigned_to, created_by, priority, status, deadline, estimated_hours, actual_hours, completed_at, created_at, updated_at, updated_by, visible_to_client, is_archived, archived_at, archived_by) VALUES (49, 'Sistemazione link ai form Google', '', 56, 3, 3, 3, 'P1', 'COMPLETED', '2025-09-04', 0.0, 0.0, NULL, '2025-12-24 16:07:12', '2025-12-24 16:07:12', NULL, 1, 0, NULL, NULL);
INSERT INTO tasks (id, title, description, client_id, category_id, assigned_to, created_by, priority, status, deadline, estimated_hours, actual_hours, completed_at, created_at, updated_at, updated_by, visible_to_client, is_archived, archived_at, archived_by) VALUES (50, 'Controllare ADS Google Mismo', '', NULL, 5, 2, 2, 'P2', 'COMPLETED', '2025-09-12', 0.0, 0.0, NULL, '2025-12-24 16:07:12', '2025-12-24 16:07:12', NULL, 1, 0, NULL, NULL);
INSERT INTO tasks (id, title, description, client_id, category_id, assigned_to, created_by, priority, status, deadline, estimated_hours, actual_hours, completed_at, created_at, updated_at, updated_by, visible_to_client, is_archived, archived_at, archived_by) VALUES (51, 'Aggiornare cookie sotto pagine MISMO', 'Form contatto nella pagina contatti?', NULL, 4, 2, 2, 'P1', 'COMPLETED', '2025-12-04', 0.0, 0.0, NULL, '2025-12-24 16:07:12', '2025-12-24 16:07:12', NULL, 1, 0, NULL, NULL);
INSERT INTO tasks (id, title, description, client_id, category_id, assigned_to, created_by, priority, status, deadline, estimated_hours, actual_hours, completed_at, created_at, updated_at, updated_by, visible_to_client, is_archived, archived_at, archived_by) VALUES (52, 'Aggiornare parole chiave SEO MISMO', '', NULL, 4, 2, 2, 'P2', 'COMPLETED', '2025-09-15', 0.0, 0.0, NULL, '2025-12-24 16:07:12', '2025-12-24 16:07:12', NULL, 1, 0, NULL, NULL);
INSERT INTO tasks (id, title, description, client_id, category_id, assigned_to, created_by, priority, status, deadline, estimated_hours, actual_hours, completed_at, created_at, updated_at, updated_by, visible_to_client, is_archived, archived_at, archived_by) VALUES (53, 'Contattare Frezza - Vincenzo - Rossetti - Lenyn -', '', NULL, 4, 2, 2, 'P2', 'COMPLETED', '2025-09-16', 0.0, 0.0, NULL, '2025-12-24 16:07:12', '2025-12-24 16:07:12', NULL, 1, 0, NULL, NULL);
INSERT INTO tasks (id, title, description, client_id, category_id, assigned_to, created_by, priority, status, deadline, estimated_hours, actual_hours, completed_at, created_at, updated_at, updated_by, visible_to_client, is_archived, archived_at, archived_by) VALUES (55, 'Preventivo Percorso avanzamento Valedent', '', 43, 4, 2, 2, 'P1', 'COMPLETED', '2025-09-18', 0.0, 0.0, NULL, '2025-12-24 16:07:12', '2025-12-24 16:07:12', NULL, 1, 0, NULL, NULL);
INSERT INTO tasks (id, title, description, client_id, category_id, assigned_to, created_by, priority, status, deadline, estimated_hours, actual_hours, completed_at, created_at, updated_at, updated_by, visible_to_client, is_archived, archived_at, archived_by) VALUES (56, 'Chiedere copia contratto locazione', '', NULL, 3, 2, 2, 'P1', 'COMPLETED', '2025-09-23', 0.0, 0.0, NULL, '2025-12-24 16:07:12', '2025-12-24 16:07:12', NULL, 1, 0, NULL, NULL);
INSERT INTO tasks (id, title, description, client_id, category_id, assigned_to, created_by, priority, status, deadline, estimated_hours, actual_hours, completed_at, created_at, updated_at, updated_by, visible_to_client, is_archived, archived_at, archived_by) VALUES (57, 'Conferma indirizzo impresa edile', '', NULL, 4, 2, 2, 'P1', 'COMPLETED', '2025-09-23', 0.0, 0.0, NULL, '2025-12-24 16:07:12', '2025-12-24 16:07:12', NULL, 1, 0, NULL, NULL);
INSERT INTO tasks (id, title, description, client_id, category_id, assigned_to, created_by, priority, status, deadline, estimated_hours, actual_hours, completed_at, created_at, updated_at, updated_by, visible_to_client, is_archived, archived_at, archived_by) VALUES (58, 'Lavorare ad un pre load SERIO per Sito Mismo', 'le pagine interne hanno un caricamento infinito', NULL, 4, 3, 2, 'P3', 'PENDING', '2025-10-06', 0.0, 0.0, NULL, '2025-12-24 16:07:12', '2025-12-24 16:07:12', NULL, 1, 0, NULL, NULL);
INSERT INTO tasks (id, title, description, client_id, category_id, assigned_to, created_by, priority, status, deadline, estimated_hours, actual_hours, completed_at, created_at, updated_at, updated_by, visible_to_client, is_archived, archived_at, archived_by) VALUES (59, 'Rispondere ad irene', '', NULL, 3, 2, 2, 'P2', 'COMPLETED', '2025-09-29', 0.0, 0.0, NULL, '2025-12-24 16:07:12', '2025-12-24 16:07:12', NULL, 1, 0, NULL, NULL);
INSERT INTO tasks (id, title, description, client_id, category_id, assigned_to, created_by, priority, status, deadline, estimated_hours, actual_hours, completed_at, created_at, updated_at, updated_by, visible_to_client, is_archived, archived_at, archived_by) VALUES (60, 'Piano corretto per Luca', '', NULL, 3, 2, 2, 'P2', 'PENDING', '2025-10-01', 0.0, 0.0, NULL, '2025-12-24 16:07:12', '2025-12-24 16:07:12', NULL, 1, 0, NULL, NULL);
INSERT INTO tasks (id, title, description, client_id, category_id, assigned_to, created_by, priority, status, deadline, estimated_hours, actual_hours, completed_at, created_at, updated_at, updated_by, visible_to_client, is_archived, archived_at, archived_by) VALUES (61, 'Pratiche Stage Giulia', '', NULL, 3, 3, 2, 'P2', 'COMPLETED', '2025-09-29', 0.0, 0.0, NULL, '2025-12-24 16:07:12', '2025-12-24 16:07:12', NULL, 1, 0, NULL, NULL);
INSERT INTO tasks (id, title, description, client_id, category_id, assigned_to, created_by, priority, status, deadline, estimated_hours, actual_hours, completed_at, created_at, updated_at, updated_by, visible_to_client, is_archived, archived_at, archived_by) VALUES (63, 'Sentire Studio Squarzoni', '', NULL, 2, 2, 2, 'P1', 'COMPLETED', '2025-10-01', 0.0, 0.0, NULL, '2025-12-24 16:07:12', '2025-12-24 16:07:12', NULL, 1, 0, NULL, NULL);
INSERT INTO tasks (id, title, description, client_id, category_id, assigned_to, created_by, priority, status, deadline, estimated_hours, actual_hours, completed_at, created_at, updated_at, updated_by, visible_to_client, is_archived, archived_at, archived_by) VALUES (65, 'Cartelline shooting - documenti', '', NULL, 2, 2, 2, 'P2', 'TODO', '2025-12-05', 0.0, 0.0, NULL, '2025-12-24 16:07:12', '2025-12-24 16:07:12', NULL, 1, 0, NULL, NULL);
INSERT INTO tasks (id, title, description, client_id, category_id, assigned_to, created_by, priority, status, deadline, estimated_hours, actual_hours, completed_at, created_at, updated_at, updated_by, visible_to_client, is_archived, archived_at, archived_by) VALUES (66, 'Gadget base per contratto Mismo', '', NULL, 2, 3, 2, 'P3', 'PENDING', '2025-10-03', 0.0, 0.0, NULL, '2025-12-24 16:07:12', '2025-12-24 16:07:12', NULL, 1, 0, NULL, NULL);
INSERT INTO tasks (id, title, description, client_id, category_id, assigned_to, created_by, priority, status, deadline, estimated_hours, actual_hours, completed_at, created_at, updated_at, updated_by, visible_to_client, is_archived, archived_at, archived_by) VALUES (67, 'Sentire la Giulia per Cremona', '', NULL, 3, 2, 2, 'P2', 'COMPLETED', '2025-10-03', 0.0, 0.0, NULL, '2025-12-24 16:07:12', '2025-12-24 16:07:12', NULL, 1, 0, NULL, NULL);
INSERT INTO tasks (id, title, description, client_id, category_id, assigned_to, created_by, priority, status, deadline, estimated_hours, actual_hours, completed_at, created_at, updated_at, updated_by, visible_to_client, is_archived, archived_at, archived_by) VALUES (68, 'Chiedere alla Francesca la Caparra', '', NULL, 4, 2, 2, 'P2', 'COMPLETED', '2025-10-03', 0.0, 0.0, NULL, '2025-12-24 16:07:12', '2025-12-24 16:07:12', NULL, 1, 0, NULL, NULL);
INSERT INTO tasks (id, title, description, client_id, category_id, assigned_to, created_by, priority, status, deadline, estimated_hours, actual_hours, completed_at, created_at, updated_at, updated_by, visible_to_client, is_archived, archived_at, archived_by) VALUES (69, 'Ordinare LUCE LED', '', NULL, 4, 2, 2, 'P1', 'COMPLETED', '2025-10-03', 0.0, 0.0, NULL, '2025-12-24 16:07:12', '2025-12-24 16:07:12', NULL, 1, 0, NULL, NULL);
INSERT INTO tasks (id, title, description, client_id, category_id, assigned_to, created_by, priority, status, deadline, estimated_hours, actual_hours, completed_at, created_at, updated_at, updated_by, visible_to_client, is_archived, archived_at, archived_by) VALUES (71, 'Aggiungere label Cliente in agenda', '', NULL, 4, 2, 3, 'P1', 'COMPLETED', '2025-10-06', 0.0, 0.0, NULL, '2025-12-24 16:07:12', '2025-12-24 16:07:12', NULL, 1, 0, NULL, NULL);
INSERT INTO tasks (id, title, description, client_id, category_id, assigned_to, created_by, priority, status, deadline, estimated_hours, actual_hours, completed_at, created_at, updated_at, updated_by, visible_to_client, is_archived, archived_at, archived_by) VALUES (72, 'Creare presentazione aziendale da allegare al preventivo', '', NULL, 2, 3, 3, 'P3', 'TODO', '2025-10-17', 0.0, 0.0, NULL, '2025-12-24 16:07:12', '2025-12-24 16:07:12', NULL, 1, 0, NULL, NULL);
INSERT INTO tasks (id, title, description, client_id, category_id, assigned_to, created_by, priority, status, deadline, estimated_hours, actual_hours, completed_at, created_at, updated_at, updated_by, visible_to_client, is_archived, archived_at, archived_by) VALUES (73, 'Sentire Paolo di Colibryx S.r.l.', '', 93, 7, 2, 2, 'P2', 'COMPLETED', '2025-10-29', 0.0, 0.0, NULL, '2025-12-24 16:07:12', '2025-12-24 16:07:12', NULL, 1, 0, NULL, NULL);
INSERT INTO tasks (id, title, description, client_id, category_id, assigned_to, created_by, priority, status, deadline, estimated_hours, actual_hours, completed_at, created_at, updated_at, updated_by, visible_to_client, is_archived, archived_at, archived_by) VALUES (75, 'Raccolta analitica PRE PARTENZA Crema e Cremona', '', 94, 1, 2, 2, 'P2', 'COMPLETED', '2025-10-31', 0.0, 0.0, NULL, '2025-12-24 16:07:12', '2025-12-24 16:07:12', NULL, 1, 0, NULL, NULL);
INSERT INTO tasks (id, title, description, client_id, category_id, assigned_to, created_by, priority, status, deadline, estimated_hours, actual_hours, completed_at, created_at, updated_at, updated_by, visible_to_client, is_archived, archived_at, archived_by) VALUES (76, 'Creazione Post Novembre 2025', '', 94, 1, 3, 2, 'P2', 'COMPLETED', '2025-11-05', 0.0, 0.0, NULL, '2025-12-24 16:07:12', '2025-12-24 16:07:12', NULL, 1, 0, NULL, NULL);
INSERT INTO tasks (id, title, description, client_id, category_id, assigned_to, created_by, priority, status, deadline, estimated_hours, actual_hours, completed_at, created_at, updated_at, updated_by, visible_to_client, is_archived, archived_at, archived_by) VALUES (77, 'Sistemazione profili Cremona e Crema', '', 94, 1, 3, 2, 'P2', 'COMPLETED', '2025-10-31', 0.0, 0.0, NULL, '2025-12-24 16:07:12', '2025-12-24 16:07:12', NULL, 1, 0, NULL, NULL);
INSERT INTO tasks (id, title, description, client_id, category_id, assigned_to, created_by, priority, status, deadline, estimated_hours, actual_hours, completed_at, created_at, updated_at, updated_by, visible_to_client, is_archived, archived_at, archived_by) VALUES (78, 'Creazione Linktree Crema e Cremona', '', 94, 7, 2, 2, 'P2', 'COMPLETED', '2025-11-03', 0.0, 0.0, NULL, '2025-12-24 16:07:12', '2025-12-24 16:07:12', NULL, 1, 0, NULL, NULL);
INSERT INTO tasks (id, title, description, client_id, category_id, assigned_to, created_by, priority, status, deadline, estimated_hours, actual_hours, completed_at, created_at, updated_at, updated_by, visible_to_client, is_archived, archived_at, archived_by) VALUES (79, 'Caricare progetti Mismo su Behance', 'PagheSolution, MC, Loki, Ali, Divino Design, ValeDent', NULL, 1, 3, 3, 'P2', 'COMPLETED', '2025-12-11', 0.0, 0.0, NULL, '2025-12-24 16:07:12', '2025-12-24 16:07:12', NULL, 1, 0, NULL, NULL);
INSERT INTO tasks (id, title, description, client_id, category_id, assigned_to, created_by, priority, status, deadline, estimated_hours, actual_hours, completed_at, created_at, updated_at, updated_by, visible_to_client, is_archived, archived_at, archived_by) VALUES (80, 'Schede tecniche per shooting 14/11', '', 94, 5, 3, 3, 'P1', 'COMPLETED', '2025-11-06', 0.0, 0.0, NULL, '2025-12-24 16:07:12', '2025-12-24 16:07:12', NULL, 1, 0, NULL, NULL);
INSERT INTO tasks (id, title, description, client_id, category_id, assigned_to, created_by, priority, status, deadline, estimated_hours, actual_hours, completed_at, created_at, updated_at, updated_by, visible_to_client, is_archived, archived_at, archived_by) VALUES (81, 'Ricerca 10-15 foto stock per blog Paghe', '', 56, 2, 3, 3, 'P1', 'COMPLETED', '2025-11-28', 0.0, 0.0, NULL, '2025-12-24 16:07:12', '2025-12-24 16:07:12', NULL, 1, 0, NULL, NULL);
INSERT INTO tasks (id, title, description, client_id, category_id, assigned_to, created_by, priority, status, deadline, estimated_hours, actual_hours, completed_at, created_at, updated_at, updated_by, visible_to_client, is_archived, archived_at, archived_by) VALUES (82, 'Modificare contatti sito, GMB, social vari', 'Sito, Instagram, Behance, GMB', NULL, 4, 2, 3, 'P1', 'IN_PROGRESS', '2025-11-07', 0.0, 0.0, NULL, '2025-12-24 16:07:12', '2025-12-24 16:07:12', NULL, 1, 0, NULL, NULL);
INSERT INTO tasks (id, title, description, client_id, category_id, assigned_to, created_by, priority, status, deadline, estimated_hours, actual_hours, completed_at, created_at, updated_at, updated_by, visible_to_client, is_archived, archived_at, archived_by) VALUES (83, 'Creare storie sulla base dei contenuti già creati (somma)', 'Creare delle storie con sondaggi o box domande sulla base di contenuti informativi già pubblicati', 36, 1, 12, 3, 'P1', 'IN_PROGRESS', '2025-12-16', 0.0, 0.0, NULL, '2025-12-24 16:07:12', '2025-12-24 16:07:12', NULL, 1, 0, NULL, NULL);
INSERT INTO tasks (id, title, description, client_id, category_id, assigned_to, created_by, priority, status, deadline, estimated_hours, actual_hours, completed_at, created_at, updated_at, updated_by, visible_to_client, is_archived, archived_at, archived_by) VALUES (84, 'Creare \"Seguici su Instagram\" per vetrina', '', 36, 2, 3, 3, 'P1', 'COMPLETED', '2025-11-07', 0.0, 0.0, NULL, '2025-12-24 16:07:12', '2025-12-24 16:07:12', NULL, 1, 0, NULL, NULL);
INSERT INTO tasks (id, title, description, client_id, category_id, assigned_to, created_by, priority, status, deadline, estimated_hours, actual_hours, completed_at, created_at, updated_at, updated_by, visible_to_client, is_archived, archived_at, archived_by) VALUES (85, 'Moodboard + schede tecniche pre-shooting', '', 94, 2, 12, 3, 'P1', 'COMPLETED', '2025-11-07', 0.0, 0.0, NULL, '2025-12-24 16:07:12', '2025-12-24 16:07:12', NULL, 1, 0, NULL, NULL);
INSERT INTO tasks (id, title, description, client_id, category_id, assigned_to, created_by, priority, status, deadline, estimated_hours, actual_hours, completed_at, created_at, updated_at, updated_by, visible_to_client, is_archived, archived_at, archived_by) VALUES (86, 'Rifare storie in evidenza crema e cremona', '', 94, 2, 12, 2, 'P1', 'PENDING', '2025-12-12', 0.0, 0.0, NULL, '2025-12-24 16:07:12', '2025-12-24 16:07:12', NULL, 1, 0, NULL, NULL);
INSERT INTO tasks (id, title, description, client_id, category_id, assigned_to, created_by, priority, status, deadline, estimated_hours, actual_hours, completed_at, created_at, updated_at, updated_by, visible_to_client, is_archived, archived_at, archived_by) VALUES (89, 'Sistemazione CSS mobile Paghe', '', 56, 7, 2, 2, 'P2', 'COMPLETED', '2025-11-18', 0.0, 0.0, NULL, '2025-12-24 16:07:12', '2025-12-24 16:07:12', NULL, 1, 0, NULL, NULL);
INSERT INTO tasks (id, title, description, client_id, category_id, assigned_to, created_by, priority, status, deadline, estimated_hours, actual_hours, completed_at, created_at, updated_at, updated_by, visible_to_client, is_archived, archived_at, archived_by) VALUES (90, 'Montaggio video ale', '', 36, 7, 2, 2, 'P1', 'COMPLETED', '2025-11-18', 0.0, 0.0, NULL, '2025-12-24 16:07:12', '2025-12-24 16:07:12', NULL, 1, 0, NULL, NULL);
INSERT INTO tasks (id, title, description, client_id, category_id, assigned_to, created_by, priority, status, deadline, estimated_hours, actual_hours, completed_at, created_at, updated_at, updated_by, visible_to_client, is_archived, archived_at, archived_by) VALUES (91, 'Pubblicazione Nuovo Sito PagheSolution', '', 56, 7, 2, 2, 'P1', 'COMPLETED', '2025-11-20', 0.0, 0.0, NULL, '2025-12-24 16:07:12', '2025-12-24 16:07:12', NULL, 1, 0, NULL, NULL);
INSERT INTO tasks (id, title, description, client_id, category_id, assigned_to, created_by, priority, status, deadline, estimated_hours, actual_hours, completed_at, created_at, updated_at, updated_by, visible_to_client, is_archived, archived_at, archived_by) VALUES (92, 'Foglio A3 per vetrina Tecnocasa', '', 94, 2, 3, 3, 'P2', 'TODO', '2025-12-05', 0.0, 0.0, NULL, '2025-12-24 16:07:12', '2025-12-24 16:07:12', NULL, 1, 0, NULL, NULL);
INSERT INTO tasks (id, title, description, client_id, category_id, assigned_to, created_by, priority, status, deadline, estimated_hours, actual_hours, completed_at, created_at, updated_at, updated_by, visible_to_client, is_archived, archived_at, archived_by) VALUES (93, 'Presentazione Tutorial portale', '', NULL, 2, 3, 2, 'P2', 'COMPLETED', '2025-11-25', 0.0, 0.0, NULL, '2025-12-24 16:07:12', '2025-12-24 16:07:12', NULL, 1, 0, NULL, NULL);
INSERT INTO tasks (id, title, description, client_id, category_id, assigned_to, created_by, priority, status, deadline, estimated_hours, actual_hours, completed_at, created_at, updated_at, updated_by, visible_to_client, is_archived, archived_at, archived_by) VALUES (94, 'Mandare in stampa File copisteria', '', NULL, 2, 2, 2, 'P2', 'TODO', '2025-11-26', 0.0, 0.0, NULL, '2025-12-24 16:07:12', '2025-12-24 16:07:12', NULL, 1, 0, NULL, NULL);
INSERT INTO tasks (id, title, description, client_id, category_id, assigned_to, created_by, priority, status, deadline, estimated_hours, actual_hours, completed_at, created_at, updated_at, updated_by, visible_to_client, is_archived, archived_at, archived_by) VALUES (95, 'Contratto + dashboard + fattura a pietro', '', NULL, 3, 2, 2, 'P2', 'COMPLETED', '2025-11-28', 0.0, 0.0, NULL, '2025-12-24 16:07:12', '2025-12-24 16:07:12', NULL, 1, 0, NULL, NULL);
INSERT INTO tasks (id, title, description, client_id, category_id, assigned_to, created_by, priority, status, deadline, estimated_hours, actual_hours, completed_at, created_at, updated_at, updated_by, visible_to_client, is_archived, archived_at, archived_by) VALUES (96, 'Ordinare arredo + bonifico giulia', '', NULL, 4, 2, 2, 'P1', 'COMPLETED', '2025-11-25', 0.0, 0.0, NULL, '2025-12-24 16:07:12', '2025-12-24 16:07:12', NULL, 1, 0, NULL, NULL);
INSERT INTO tasks (id, title, description, client_id, category_id, assigned_to, created_by, priority, status, deadline, estimated_hours, actual_hours, completed_at, created_at, updated_at, updated_by, visible_to_client, is_archived, archived_at, archived_by) VALUES (97, 'Grafiche animate x video Nicola', '', 94, 2, 12, 2, 'P2', 'COMPLETED', '2025-11-25', 0.0, 0.0, NULL, '2025-12-24 16:07:12', '2025-12-24 16:07:12', NULL, 1, 0, NULL, NULL);
INSERT INTO tasks (id, title, description, client_id, category_id, assigned_to, created_by, priority, status, deadline, estimated_hours, actual_hours, completed_at, created_at, updated_at, updated_by, visible_to_client, is_archived, archived_at, archived_by) VALUES (98, 'Sottotitoli video shooting', '', 94, 7, 2, 2, 'P1', 'COMPLETED', '2025-12-04', 0.0, 0.0, NULL, '2025-12-24 16:07:12', '2025-12-24 16:07:12', NULL, 1, 0, NULL, NULL);
INSERT INTO tasks (id, title, description, client_id, category_id, assigned_to, created_by, priority, status, deadline, estimated_hours, actual_hours, completed_at, created_at, updated_at, updated_by, visible_to_client, is_archived, archived_at, archived_by) VALUES (99, 'Contattare valedent - budget marketing', '', NULL, 4, 2, 2, 'P2', 'COMPLETED', '2025-11-26', 0.0, 0.0, NULL, '2025-12-24 16:07:12', '2025-12-24 16:07:12', NULL, 1, 0, NULL, NULL);
INSERT INTO tasks (id, title, description, client_id, category_id, assigned_to, created_by, priority, status, deadline, estimated_hours, actual_hours, completed_at, created_at, updated_at, updated_by, visible_to_client, is_archived, archived_at, archived_by) VALUES (100, 'Post produzione video', '', 94, 1, 2, 2, 'P2', 'COMPLETED', '2025-12-04', 0.0, 0.0, NULL, '2025-12-24 16:07:12', '2025-12-24 16:07:12', NULL, 1, 0, NULL, NULL);
INSERT INTO tasks (id, title, description, client_id, category_id, assigned_to, created_by, priority, status, deadline, estimated_hours, actual_hours, completed_at, created_at, updated_at, updated_by, visible_to_client, is_archived, archived_at, archived_by) VALUES (102, 'Template per catalogo whatsapp/immobili', '', 94, 2, 3, 2, 'P2', 'TODO', '2025-11-28', 0.0, 0.0, NULL, '2025-12-24 16:07:12', '2025-12-24 16:07:12', NULL, 1, 0, NULL, NULL);
INSERT INTO tasks (id, title, description, client_id, category_id, assigned_to, created_by, priority, status, deadline, estimated_hours, actual_hours, completed_at, created_at, updated_at, updated_by, visible_to_client, is_archived, archived_at, archived_by) VALUES (103, 'Contattare copisteria + Reklam85 per preventivi', '', NULL, 4, 3, 2, 'P1', 'COMPLETED', '2025-11-28', 0.0, 0.0, NULL, '2025-12-24 16:07:12', '2025-12-24 16:07:12', NULL, 1, 0, NULL, NULL);
INSERT INTO tasks (id, title, description, client_id, category_id, assigned_to, created_by, priority, status, deadline, estimated_hours, actual_hours, completed_at, created_at, updated_at, updated_by, visible_to_client, is_archived, archived_at, archived_by) VALUES (104, 'Sistemare portale (v. note)', 'Da sistemare:\r\n- Anagrafica (dividere rubrica contatti da clienti perché attualmente sono troppi)\r\n- Fatture: aggiungere calcolo automatico trattenute (non visibile al cliente) e aggiungere wallet tasse al Finance Tracker\r\n- Sistemare task manager (vedere insieme) e dividerlo per cliente e non per status (aggiungere Mismo ai clienti) e aggiungere btn Concluso che chiude in automatico il task\r\n- Sistemare barra menu laterale\r\n- Aggiornare categorie Finance Tracker', NULL, 4, 2, 3, 'P2', 'TODO', '2025-12-12', 0.0, 0.0, NULL, '2025-12-24 16:07:12', '2025-12-24 16:07:12', NULL, 1, 0, NULL, NULL);
INSERT INTO tasks (id, title, description, client_id, category_id, assigned_to, created_by, priority, status, deadline, estimated_hours, actual_hours, completed_at, created_at, updated_at, updated_by, visible_to_client, is_archived, archived_at, archived_by) VALUES (105, 'Bozza grafica per vetrofanie', '', NULL, 2, 3, 3, 'P1', 'COMPLETED', '2025-12-04', 0.0, 0.0, NULL, '2025-12-24 16:07:12', '2025-12-24 16:07:12', NULL, 1, 0, NULL, NULL);
INSERT INTO tasks (id, title, description, client_id, category_id, assigned_to, created_by, priority, status, deadline, estimated_hours, actual_hours, completed_at, created_at, updated_at, updated_by, visible_to_client, is_archived, archived_at, archived_by) VALUES (106, 'Creazione pagina 404 Paghe', '', 56, 7, 2, 2, 'P1', 'COMPLETED', '2025-12-01', 0.0, 0.0, NULL, '2025-12-24 16:07:12', '2025-12-24 16:07:12', NULL, 1, 0, NULL, NULL);
INSERT INTO tasks (id, title, description, client_id, category_id, assigned_to, created_by, priority, status, deadline, estimated_hours, actual_hours, completed_at, created_at, updated_at, updated_by, visible_to_client, is_archived, archived_at, archived_by) VALUES (107, 'Selezione autore nel blog', '', 56, 7, 2, 2, 'P2', 'COMPLETED', '2025-12-01', 0.0, 0.0, NULL, '2025-12-24 16:07:12', '2025-12-24 16:07:12', NULL, 1, 0, NULL, NULL);
INSERT INTO tasks (id, title, description, client_id, category_id, assigned_to, created_by, priority, status, deadline, estimated_hours, actual_hours, completed_at, created_at, updated_at, updated_by, visible_to_client, is_archived, archived_at, archived_by) VALUES (108, 'Anteprima bozze articoli', '', 56, 7, 2, 2, 'P3', 'COMPLETED', '2025-12-01', 0.0, 0.0, NULL, '2025-12-24 16:07:12', '2025-12-24 16:07:12', NULL, 1, 0, NULL, NULL);
INSERT INTO tasks (id, title, description, client_id, category_id, assigned_to, created_by, priority, status, deadline, estimated_hours, actual_hours, completed_at, created_at, updated_at, updated_by, visible_to_client, is_archived, archived_at, archived_by) VALUES (109, 'Kick-off strategy bardolino + analisi', '', 125, 7, 12, 2, 'P1', 'COMPLETED', '2025-12-09', 0.0, 0.0, NULL, '2025-12-24 16:07:12', '2025-12-24 16:07:12', NULL, 1, 0, NULL, NULL);
INSERT INTO tasks (id, title, description, client_id, category_id, assigned_to, created_by, priority, status, deadline, estimated_hours, actual_hours, completed_at, created_at, updated_at, updated_by, visible_to_client, is_archived, archived_at, archived_by) VALUES (110, 'Programmazione reel shooting novembre', '', 94, 1, 12, 12, 'P2', 'COMPLETED', '2025-12-04', 0.0, 0.0, NULL, '2025-12-24 16:07:12', '2025-12-24 16:07:12', NULL, 1, 0, NULL, NULL);
INSERT INTO tasks (id, title, description, client_id, category_id, assigned_to, created_by, priority, status, deadline, estimated_hours, actual_hours, completed_at, created_at, updated_at, updated_by, visible_to_client, is_archived, archived_at, archived_by) VALUES (111, 'Sistemare client.php portale', 'Lato grafico e durata progetto', NULL, 4, 2, 2, 'P2', 'TODO', '2025-12-10', 0.0, 0.0, NULL, '2025-12-24 16:07:12', '2025-12-24 16:07:12', NULL, 1, 0, NULL, NULL);
INSERT INTO tasks (id, title, description, client_id, category_id, assigned_to, created_by, priority, status, deadline, estimated_hours, actual_hours, completed_at, created_at, updated_at, updated_by, visible_to_client, is_archived, archived_at, archived_by) VALUES (112, 'Grafiche + Programmazione post Tecnorete', '', 36, 1, 12, 12, 'P2', 'COMPLETED', '2025-12-11', 0.0, 0.0, NULL, '2025-12-24 16:07:12', '2025-12-24 16:07:12', NULL, 1, 0, NULL, NULL);
INSERT INTO tasks (id, title, description, client_id, category_id, assigned_to, created_by, priority, status, deadline, estimated_hours, actual_hours, completed_at, created_at, updated_at, updated_by, visible_to_client, is_archived, archived_at, archived_by) VALUES (113, 'Mettere nel preventivo pop up che vieta la condivisione', '', NULL, 4, 2, 2, 'P2', 'TODO', '2025-12-12', 0.0, 0.0, NULL, '2025-12-24 16:07:12', '2025-12-24 16:07:12', NULL, 1, 0, NULL, NULL);
INSERT INTO tasks (id, title, description, client_id, category_id, assigned_to, created_by, priority, status, deadline, estimated_hours, actual_hours, completed_at, created_at, updated_at, updated_by, visible_to_client, is_archived, archived_at, archived_by) VALUES (114, 'Template Canva per immobili', 'Template di canva. Loro inseriscono solo foto di sfondo e caratteristiche e pubblicano su whatsapp / instagram', 94, 2, 2, 2, 'P2', 'TODO', '2025-12-17', 0.0, 0.0, NULL, '2025-12-24 16:07:12', '2025-12-24 16:07:12', NULL, 1, 0, NULL, NULL);
INSERT INTO tasks (id, title, description, client_id, category_id, assigned_to, created_by, priority, status, deadline, estimated_hours, actual_hours, completed_at, created_at, updated_at, updated_by, visible_to_client, is_archived, archived_at, archived_by) VALUES (115, 'Storie instagram per le feste', 'per i profili di tecnorete (Somma e Villa) e tecnocasa (Crema e Cremona)', NULL, 1, 12, 12, 'P2', 'COMPLETED', '2025-12-18', 0.0, 0.0, NULL, '2025-12-24 16:07:12', '2025-12-24 16:07:12', NULL, 1, 0, NULL, NULL);
INSERT INTO tasks (id, title, description, client_id, category_id, assigned_to, created_by, priority, status, deadline, estimated_hours, actual_hours, completed_at, created_at, updated_at, updated_by, visible_to_client, is_archived, archived_at, archived_by) VALUES (116, 'Mini reel metodo di vendita', 'Mini reel per il metodo di vendita di Crema e Cremona', NULL, 1, 12, 12, 'P2', 'PENDING', '2025-12-19', 0.0, 0.0, NULL, '2025-12-24 16:07:12', '2025-12-24 16:07:12', NULL, 1, 0, NULL, NULL);
INSERT INTO tasks (id, title, description, client_id, category_id, assigned_to, created_by, priority, status, deadline, estimated_hours, actual_hours, completed_at, created_at, updated_at, updated_by, visible_to_client, is_archived, archived_at, archived_by) VALUES (117, 'Post di natale Valedent', '', NULL, 1, 12, 12, 'P1', 'COMPLETED', '2025-12-19', 0.0, 0.0, NULL, '2025-12-24 16:07:12', '2025-12-24 16:07:12', NULL, 1, 0, NULL, NULL);
INSERT INTO tasks (id, title, description, client_id, category_id, assigned_to, created_by, priority, status, deadline, estimated_hours, actual_hours, completed_at, created_at, updated_at, updated_by, visible_to_client, is_archived, archived_at, archived_by) VALUES (118, 'Programmare le storie di Tecnorete', 'programmare le storie di tecnorete e villafranca per il mese di gennaio', NULL, 1, 12, 12, 'P2', 'IN_PROGRESS', '2025-12-19', 0.0, 0.0, NULL, '2025-12-24 16:07:12', '2025-12-24 16:07:12', NULL, 1, 0, NULL, NULL);
INSERT INTO tasks (id, title, description, client_id, category_id, assigned_to, created_by, priority, status, deadline, estimated_hours, actual_hours, completed_at, created_at, updated_at, updated_by, visible_to_client, is_archived, archived_at, archived_by) VALUES (119, 'Rifare grafica lavora con noi con stile seguici sui social', '', 94, 2, 12, 2, 'P2', 'TODO', '2025-12-19', 0.0, 0.0, NULL, '2025-12-24 16:07:12', '2025-12-24 16:07:12', NULL, 1, 0, NULL, NULL);


-- Table: events
-- CREATE TABLE "events" (
    "id" INTEGER NOT NULL PRIMARY KEY AUTOINCREMENT,
    "title" TEXT NOT NULL,
    "description" TEXT,
    "start_datetime" DATETIME NOT NULL,
    "end_datetime" DATETIME NOT NULL,
    "category_id" INTEGER,
    "contact_id" INTEGER,
    "location" TEXT,
    "notes" TEXT,
    "status" TEXT DEFAULT 'scheduled',
    "color" TEXT DEFAULT '#3b82f6',
    "is_all_day" BOOLEAN NOT NULL DEFAULT false,
    "visible_to_client" BOOLEAN NOT NULL DEFAULT false,
    "assigned_to" INTEGER,
    "created_by" INTEGER NOT NULL,
    "created_at" DATETIME NOT NULL DEFAULT CURRENT_TIMESTAMP,
    "updated_at" DATETIME NOT NULL,
    CONSTRAINT "events_category_id_fkey" FOREIGN KEY ("category_id") REFERENCES "event_categories" ("id") ON DELETE SET NULL ON UPDATE CASCADE,
    CONSTRAINT "events_contact_id_fkey" FOREIGN KEY ("contact_id") REFERENCES "contacts" ("id") ON DELETE SET NULL ON UPDATE CASCADE,
    CONSTRAINT "events_assigned_to_fkey" FOREIGN KEY ("assigned_to") REFERENCES "users" ("id") ON DELETE SET NULL ON UPDATE CASCADE,
    CONSTRAINT "events_created_by_fkey" FOREIGN KEY ("created_by") REFERENCES "users" ("id") ON DELETE CASCADE ON UPDATE CASCADE
)

-- Data for table: events (83 rows)
INSERT INTO events (id, title, description, start_datetime, end_datetime, category_id, contact_id, location, notes, status, color, is_all_day, visible_to_client, assigned_to, created_by, created_at, updated_at) VALUES (5, 'Riunione team', 'Retrospettiva dicembre e pianificazione 2026', '2025-12-27 14:00:00', '2025-12-27 16:00:00', 56, NULL, 'Ufficio', NULL, 'scheduled', '#3b82f6', 0, 0, 2, 2, '2025-12-15 09:00:00', '2025-12-15 09:00:00');
INSERT INTO events (id, title, description, start_datetime, end_datetime, category_id, contact_id, location, notes, status, color, is_all_day, visible_to_client, assigned_to, created_by, created_at, updated_at) VALUES (7, 'Post produzione contenuti', 'Editing foto e video per social', '2025-12-18 09:00:00', '2025-12-18 17:00:00', 51, NULL, 'Ufficio', NULL, 'completed', '#71e57e', 0, 0, 3, 3, '2025-12-15 10:00:00', '2025-12-19 09:00:00');
INSERT INTO events (id, title, description, start_datetime, end_datetime, category_id, contact_id, location, notes, status, color, is_all_day, visible_to_client, assigned_to, created_by, created_at, updated_at) VALUES (8, 'Meeting interno strategia 2026', 'Pianificazione obiettivi anno nuovo', '2026-01-03 10:00:00', '2026-01-03 12:00:00', 56, NULL, NULL, NULL, 'scheduled', '#3b82f6', 0, 0, NULL, 1, '2025-12-20 12:00:00', '2025-12-20 12:00:00');
INSERT INTO events (id, title, description, start_datetime, end_datetime, category_id, contact_id, location, notes, status, color, is_all_day, visible_to_client, assigned_to, created_by, created_at, updated_at) VALUES (9, 'Formazione Adobe Creative Cloud', 'Corso avanzato Photoshop e Illustrator', '2026-01-08 09:00:00', '2026-01-08 17:00:00', 4, NULL, 'Online', NULL, 'scheduled', '#8b5cf6', 0, 0, 3, 2, '2025-12-20 14:00:00', '2025-12-20 14:00:00');
INSERT INTO events (id, title, description, start_datetime, end_datetime, category_id, contact_id, location, notes, status, color, is_all_day, visible_to_client, assigned_to, created_by, created_at, updated_at) VALUES (10, 'Capodanno', 'Chiusura ufficio', '2026-01-01 00:00:00', '2026-01-01 23:59:59', 25, NULL, '', NULL, 'scheduled', '#1b8eff', 1, 0, NULL, 2, '2025-12-01 09:00:00', '2025-12-01 09:00:00');
INSERT INTO events (id, title, description, start_datetime, end_datetime, category_id, contact_id, location, notes, status, color, is_all_day, visible_to_client, assigned_to, created_by, created_at, updated_at) VALUES (11, 'Workshop Social Media Marketing', 'Formazione team su nuove strategie', '2026-01-10 14:00:00', '2026-01-10 17:00:00', 4, NULL, NULL, NULL, 'scheduled', '#8b5cf6', 0, 0, NULL, 2, '2025-12-21 15:00:00', '2025-12-21 15:00:00');
INSERT INTO events (id, title, description, start_datetime, end_datetime, category_id, contact_id, location, notes, status, color, is_all_day, visible_to_client, assigned_to, created_by, created_at, updated_at) VALUES (12, 'Campagna Marketing Q1', 'Pianificazione strategia Google ADS', '2026-01-15 14:00:00', '2026-01-15 16:00:00', 5, NULL, 'Ufficio', NULL, 'scheduled', '#f59e0b', 0, 0, 2, 2, '2025-12-20 16:00:00', '2025-12-20 16:00:00');
INSERT INTO events (id, title, description, start_datetime, end_datetime, category_id, contact_id, location, notes, status, color, is_all_day, visible_to_client, assigned_to, created_by, created_at, updated_at) VALUES (330, 'Disdire abbonamento Capcut', '', '2025-12-17 09:00:00', '2025-12-17 10:00:00', 56, NULL, '', NULL, 'scheduled', '#3b82f6', 1, 1, 3, 3, '2025-12-25 11:35:07', '2025-12-25 11:35:07');
INSERT INTO events (id, title, description, start_datetime, end_datetime, category_id, contact_id, location, notes, status, color, is_all_day, visible_to_client, assigned_to, created_by, created_at, updated_at) VALUES (378, 'Incontro con Michele Cipriani', '', '2025-12-05 14:30:00', '2025-12-05 17:30:00', 2, 93, 'Via Don Cesare Scala, 55, 37020 Rivalta VR', NULL, 'scheduled', '#fe4303', 0, 1, 3, 3, '2025-12-25 11:35:07', '2025-12-25 11:35:07');
INSERT INTO events (id, title, description, start_datetime, end_datetime, category_id, contact_id, location, notes, status, color, is_all_day, visible_to_client, assigned_to, created_by, created_at, updated_at) VALUES (384, 'Presentazione per investitore', '', '2025-12-01 15:30:00', '2025-12-01 19:00:00', 51, 93, '', NULL, 'scheduled', '#71e57e', 0, 1, 3, 3, '2025-12-25 11:35:07', '2025-12-25 11:35:07');
INSERT INTO events (id, title, description, start_datetime, end_datetime, category_id, contact_id, location, notes, status, color, is_all_day, visible_to_client, assigned_to, created_by, created_at, updated_at) VALUES (385, 'Preparare CED gennaio-febbraio + post', '', '2025-12-23 00:00:00', '2025-12-24 00:00:00', 51, 94, '', NULL, 'scheduled', '#71e57e', 1, 1, 3, 3, '2025-12-25 11:35:07', '2025-12-25 11:35:07');
INSERT INTO events (id, title, description, start_datetime, end_datetime, category_id, contact_id, location, notes, status, color, is_all_day, visible_to_client, assigned_to, created_by, created_at, updated_at) VALUES (386, 'CED gennaio-febbraio', '', '2025-12-29 00:00:00', '2025-12-29 00:00:00', 51, 43, '', NULL, 'scheduled', '#71e57e', 1, 1, 3, 3, '2025-12-25 11:35:07', '2025-12-25 11:35:07');
INSERT INTO events (id, title, description, start_datetime, end_datetime, category_id, contact_id, location, notes, status, color, is_all_day, visible_to_client, assigned_to, created_by, created_at, updated_at) VALUES (390, 'Riunione con Martina per Linkedin', '', '2025-12-01 15:00:00', '2025-12-01 15:30:00', 22, 94, '', NULL, 'scheduled', '#ffdb59', 0, 1, 12, 2, '2025-12-25 11:35:07', '2025-12-25 11:35:07');
INSERT INTO events (id, title, description, start_datetime, end_datetime, category_id, contact_id, location, notes, status, color, is_all_day, visible_to_client, assigned_to, created_by, created_at, updated_at) VALUES (399, 'Pagato affitto', '', '2025-12-15 00:00:00', '2025-12-15 00:00:00', 56, NULL, '', NULL, 'scheduled', '#3b82f6', 1, 1, 3, 3, '2025-12-25 11:35:07', '2025-12-25 11:35:07');
INSERT INTO events (id, title, description, start_datetime, end_datetime, category_id, contact_id, location, notes, status, color, is_all_day, visible_to_client, assigned_to, created_by, created_at, updated_at) VALUES (400, 'Fix Agenda per Giulia', '', '2025-12-01 15:30:00', '2025-12-01 16:00:00', 52, NULL, '', NULL, 'scheduled', '#9870f5', 0, 1, 2, 2, '2025-12-25 11:35:07', '2025-12-25 11:35:07');
INSERT INTO events (id, title, description, start_datetime, end_datetime, category_id, contact_id, location, notes, status, color, is_all_day, visible_to_client, assigned_to, created_by, created_at, updated_at) VALUES (401, 'Selezione autore nel blog + 404', '[Creato da Task #107: Selezione autore nel blog]', '2025-12-01 16:15:00', '2025-12-01 17:30:00', 52, 56, '', NULL, 'scheduled', '#9870f5', 0, 1, 2, 2, '2025-12-25 11:35:07', '2025-12-25 11:35:07');
INSERT INTO events (id, title, description, start_datetime, end_datetime, category_id, contact_id, location, notes, status, color, is_all_day, visible_to_client, assigned_to, created_by, created_at, updated_at) VALUES (402, 'Invio fatture Bardolino + Valedent + preventivo', '', '2025-12-01 17:45:00', '2025-12-01 18:15:00', 56, 93, '', NULL, 'scheduled', '#3b82f6', 0, 1, 2, 2, '2025-12-25 11:35:07', '2025-12-25 11:35:07');
INSERT INTO events (id, title, description, start_datetime, end_datetime, category_id, contact_id, location, notes, status, color, is_all_day, visible_to_client, assigned_to, created_by, created_at, updated_at) VALUES (403, 'Riunione con Marianna', '', '2025-12-03 14:30:00', '2025-12-03 16:30:00', 22, 93, 'In studio', NULL, 'scheduled', '#ffdb59', 0, 1, 3, 3, '2025-12-25 11:35:07', '2025-12-25 11:35:07');
INSERT INTO events (id, title, description, start_datetime, end_datetime, category_id, contact_id, location, notes, status, color, is_all_day, visible_to_client, assigned_to, created_by, created_at, updated_at) VALUES (404, 'Shooting Sommacampagna', '', '2025-12-03 10:00:00', '2025-12-03 12:30:00', 22, 36, '', NULL, 'scheduled', '#ffdb59', 0, 1, 3, 2, '2025-12-25 11:35:07', '2025-12-25 11:35:07');
INSERT INTO events (id, title, description, start_datetime, end_datetime, category_id, contact_id, location, notes, status, color, is_all_day, visible_to_client, assigned_to, created_by, created_at, updated_at) VALUES (405, 'Presentazione', '', '2025-12-02 10:00:00', '2025-12-02 12:00:00', 51, 93, '', NULL, 'scheduled', '#71e57e', 0, 1, 3, 3, '2025-12-25 11:35:07', '2025-12-25 11:35:07');
INSERT INTO events (id, title, description, start_datetime, end_datetime, category_id, contact_id, location, notes, status, color, is_all_day, visible_to_client, assigned_to, created_by, created_at, updated_at) VALUES (406, 'Presentazione', '', '2025-12-02 14:30:00', '2025-12-02 16:30:00', 51, 93, '', NULL, 'scheduled', '#71e57e', 0, 1, 3, 3, '2025-12-25 11:35:07', '2025-12-25 11:35:07');
INSERT INTO events (id, title, description, start_datetime, end_datetime, category_id, contact_id, location, notes, status, color, is_all_day, visible_to_client, assigned_to, created_by, created_at, updated_at) VALUES (407, 'Sistemazione sito Mismo', '', '2025-12-02 16:30:00', '2025-12-02 18:00:00', 56, NULL, '', NULL, 'scheduled', '#3b82f6', 0, 1, 3, 3, '2025-12-25 11:35:07', '2025-12-25 11:35:07');
INSERT INTO events (id, title, description, start_datetime, end_datetime, category_id, contact_id, location, notes, status, color, is_all_day, visible_to_client, assigned_to, created_by, created_at, updated_at) VALUES (408, 'Programmare reel Crema e Cremona', '', '2025-12-04 10:00:00', '2025-12-04 10:30:00', 56, NULL, '', NULL, 'scheduled', '#3b82f6', 0, 1, 3, 3, '2025-12-25 11:35:07', '2025-12-25 11:35:07');
INSERT INTO events (id, title, description, start_datetime, end_datetime, category_id, contact_id, location, notes, status, color, is_all_day, visible_to_client, assigned_to, created_by, created_at, updated_at) VALUES (409, 'Post produzione video', '[Creato da Task #100: Post produzione video]', '2025-12-02 10:00:00', '2025-12-02 12:00:00', 58, 94, '', NULL, 'scheduled', '#ed72fd', 0, 1, 12, 12, '2025-12-25 11:35:07', '2025-12-25 11:35:07');
INSERT INTO events (id, title, description, start_datetime, end_datetime, category_id, contact_id, location, notes, status, color, is_all_day, visible_to_client, assigned_to, created_by, created_at, updated_at) VALUES (410, 'Sottotitoli video shooting', '[Creato da Task #98: Sottotitoli video shooting]', '2025-12-03 10:00:00', '2025-12-03 12:00:00', 58, 94, '', NULL, 'scheduled', '#ed72fd', 0, 1, 2, 12, '2025-12-25 11:35:07', '2025-12-25 11:35:07');
INSERT INTO events (id, title, description, start_datetime, end_datetime, category_id, contact_id, location, notes, status, color, is_all_day, visible_to_client, assigned_to, created_by, created_at, updated_at) VALUES (411, 'Programmazione reel shooting novembre', '[Creato da Task #110: Programmazione reel shooting novembre]', '2025-12-04 11:00:00', '2025-12-04 12:00:00', 58, 94, '', NULL, 'scheduled', '#ed72fd', 0, 1, 12, 12, '2025-12-25 11:35:07', '2025-12-25 11:35:07');
INSERT INTO events (id, title, description, start_datetime, end_datetime, category_id, contact_id, location, notes, status, color, is_all_day, visible_to_client, assigned_to, created_by, created_at, updated_at) VALUES (412, 'Social Mismo', '', '2025-12-04 15:00:00', '2025-12-04 18:00:00', 5, NULL, '', NULL, 'scheduled', '#f59e0b', 0, 1, 3, 3, '2025-12-25 11:35:07', '2025-12-25 11:35:07');
INSERT INTO events (id, title, description, start_datetime, end_datetime, category_id, contact_id, location, notes, status, color, is_all_day, visible_to_client, assigned_to, created_by, created_at, updated_at) VALUES (413, 'Promozione reel Tecnorete', '', '2025-12-05 11:00:00', '2025-12-05 11:30:00', 52, 36, '', NULL, 'scheduled', '#9870f5', 0, 1, 2, 2, '2025-12-25 11:35:07', '2025-12-25 11:35:07');
INSERT INTO events (id, title, description, start_datetime, end_datetime, category_id, contact_id, location, notes, status, color, is_all_day, visible_to_client, assigned_to, created_by, created_at, updated_at) VALUES (414, 'Sistemazione nuovo sito', '', '2025-12-04 09:30:00', '2025-12-04 12:30:00', 52, NULL, '', NULL, 'scheduled', '#9870f5', 0, 1, 2, 2, '2025-12-25 11:35:07', '2025-12-25 11:35:07');
INSERT INTO events (id, title, description, start_datetime, end_datetime, category_id, contact_id, location, notes, status, color, is_all_day, visible_to_client, assigned_to, created_by, created_at, updated_at) VALUES (415, 'Caricare progetti Mismo su Behance', 'PagheSolution, MC, Loki, Ali, Divino Design, ValeDent

[Creato da Task #79: Caricare progetti Mismo su Behance]', '2025-12-05 11:00:00', '2025-12-05 13:30:00', 58, NULL, '', NULL, 'scheduled', '#ed72fd', 0, 1, 12, 12, '2025-12-25 11:35:07', '2025-12-25 11:35:07');
INSERT INTO events (id, title, description, start_datetime, end_datetime, category_id, contact_id, location, notes, status, color, is_all_day, visible_to_client, assigned_to, created_by, created_at, updated_at) VALUES (416, 'Kick-off strategy bardolino + analisi', '[Creato da Task #109: Kick-off strategy bardolino + analisi]', '2025-12-05 14:30:00', '2025-12-05 17:30:00', 58, 125, '', NULL, 'scheduled', '#ed72fd', 0, 1, 12, 12, '2025-12-25 11:35:07', '2025-12-25 11:35:07');
INSERT INTO events (id, title, description, start_datetime, end_datetime, category_id, contact_id, location, notes, status, color, is_all_day, visible_to_client, assigned_to, created_by, created_at, updated_at) VALUES (417, 'Fattura elettronica + accantonamento Valedent', '', '2025-12-10 00:00:00', '2025-12-10 00:00:00', 56, NULL, '', NULL, 'scheduled', '#3b82f6', 1, 1, 2, 3, '2025-12-25 11:35:07', '2025-12-25 11:35:07');
INSERT INTO events (id, title, description, start_datetime, end_datetime, category_id, contact_id, location, notes, status, color, is_all_day, visible_to_client, assigned_to, created_by, created_at, updated_at) VALUES (418, 'Programmare reel Tommaso', '', '2025-12-12 00:00:00', '2025-12-12 00:00:00', 56, 36, '', NULL, 'scheduled', '#3b82f6', 1, 1, 3, 3, '2025-12-25 11:35:07', '2025-12-25 11:35:07');
INSERT INTO events (id, title, description, start_datetime, end_datetime, category_id, contact_id, location, notes, status, color, is_all_day, visible_to_client, assigned_to, created_by, created_at, updated_at) VALUES (419, 'Inviare fattura Cremona e Villafranca', '', '2025-12-10 11:00:00', '2025-12-10 12:00:00', 56, NULL, '', NULL, 'scheduled', '#3b82f6', 1, 1, 3, 3, '2025-12-25 11:35:07', '2025-12-25 11:35:07');
INSERT INTO events (id, title, description, start_datetime, end_datetime, category_id, contact_id, location, notes, status, color, is_all_day, visible_to_client, assigned_to, created_by, created_at, updated_at) VALUES (420, 'Ordinate vetrofanie', '', '2025-12-12 00:00:00', '2025-12-12 00:00:00', 56, NULL, '', NULL, 'scheduled', '#3b82f6', 1, 1, 3, 3, '2025-12-25 11:35:07', '2025-12-25 11:35:07');
INSERT INTO events (id, title, description, start_datetime, end_datetime, category_id, contact_id, location, notes, status, color, is_all_day, visible_to_client, assigned_to, created_by, created_at, updated_at) VALUES (421, 'Kick-off strategy bardolino + analisi', '[Creato da Task #109: Kick-off strategy bardolino + analisi]', '2025-12-09 10:30:00', '2025-12-09 12:00:00', 58, 125, '', NULL, 'scheduled', '#ed72fd', 0, 1, 12, 12, '2025-12-25 11:35:07', '2025-12-25 11:35:07');
INSERT INTO events (id, title, description, start_datetime, end_datetime, category_id, contact_id, location, notes, status, color, is_all_day, visible_to_client, assigned_to, created_by, created_at, updated_at) VALUES (422, 'Call con Marianna', '', '2025-12-09 15:30:00', '2025-12-09 16:00:00', 24, 93, '', NULL, 'scheduled', '#b40450', 0, 1, 3, 3, '2025-12-25 11:35:07', '2025-12-25 11:35:07');
INSERT INTO events (id, title, description, start_datetime, end_datetime, category_id, contact_id, location, notes, status, color, is_all_day, visible_to_client, assigned_to, created_by, created_at, updated_at) VALUES (424, 'Incontro con Colibryx', '', '2025-12-11 10:00:00', '2025-12-11 11:00:00', 2, 93, '', NULL, 'scheduled', '#fe4303', 0, 1, 3, 2, '2025-12-25 11:35:07', '2025-12-25 11:35:07');
INSERT INTO events (id, title, description, start_datetime, end_datetime, category_id, contact_id, location, notes, status, color, is_all_day, visible_to_client, assigned_to, created_by, created_at, updated_at) VALUES (425, 'Inviare fattura Bardolino + Valedent', '', '2025-12-10 07:00:00', '2025-12-10 08:00:00', 56, NULL, '', NULL, 'scheduled', '#3b82f6', 1, 1, 2, 2, '2025-12-25 11:35:07', '2025-12-25 11:35:07');
INSERT INTO events (id, title, description, start_datetime, end_datetime, category_id, contact_id, location, notes, status, color, is_all_day, visible_to_client, assigned_to, created_by, created_at, updated_at) VALUES (426, 'Pubblicazione nuovi sito MISMO', '', '2025-12-09 17:30:00', '2025-12-09 18:00:00', 52, NULL, '', NULL, 'scheduled', '#9870f5', 0, 1, 2, 2, '2025-12-25 11:35:07', '2025-12-25 11:35:07');
INSERT INTO events (id, title, description, start_datetime, end_datetime, category_id, contact_id, location, notes, status, color, is_all_day, visible_to_client, assigned_to, created_by, created_at, updated_at) VALUES (427, 'Analisi strategica', '', '2025-12-09 14:30:00', '2025-12-09 18:30:00', 51, 125, '', NULL, 'scheduled', '#71e57e', 0, 1, 3, 3, '2025-12-25 11:35:07', '2025-12-25 11:35:07');
INSERT INTO events (id, title, description, start_datetime, end_datetime, category_id, contact_id, location, notes, status, color, is_all_day, visible_to_client, assigned_to, created_by, created_at, updated_at) VALUES (429, 'Kick-off Strategy', '', '2025-12-10 10:30:00', '2025-12-10 11:45:00', 51, 125, '', NULL, 'scheduled', '#71e57e', 0, 1, 3, 3, '2025-12-25 11:35:07', '2025-12-25 11:35:07');
INSERT INTO events (id, title, description, start_datetime, end_datetime, category_id, contact_id, location, notes, status, color, is_all_day, visible_to_client, assigned_to, created_by, created_at, updated_at) VALUES (430, 'Incontro con Ewake', '', '2025-12-11 11:00:00', '2025-12-11 12:00:00', 2, 93, '', NULL, 'scheduled', '#fe4303', 0, 1, 3, 3, '2025-12-25 11:35:07', '2025-12-25 11:35:07');
INSERT INTO events (id, title, description, start_datetime, end_datetime, category_id, contact_id, location, notes, status, color, is_all_day, visible_to_client, assigned_to, created_by, created_at, updated_at) VALUES (431, 'Ultimata bozza vetrofanie', '', '2025-12-10 11:45:00', '2025-12-10 12:15:00', 56, NULL, '', NULL, 'scheduled', '#3b82f6', 0, 1, 3, 3, '2025-12-25 11:35:07', '2025-12-25 11:35:07');
INSERT INTO events (id, title, description, start_datetime, end_datetime, category_id, contact_id, location, notes, status, color, is_all_day, visible_to_client, assigned_to, created_by, created_at, updated_at) VALUES (433, 'Comunicazione MISMO', '', '2025-12-10 15:30:00', '2025-12-10 19:00:00', 5, NULL, '', NULL, 'scheduled', '#f59e0b', 0, 1, 3, 3, '2025-12-25 11:35:07', '2025-12-25 11:35:07');
INSERT INTO events (id, title, description, start_datetime, end_datetime, category_id, contact_id, location, notes, status, color, is_all_day, visible_to_client, assigned_to, created_by, created_at, updated_at) VALUES (434, 'Fine strategia e CED', '', '2025-12-11 10:30:00', '2025-12-11 12:30:00', 51, 125, '', NULL, 'scheduled', '#71e57e', 0, 1, 3, 3, '2025-12-25 11:35:07', '2025-12-25 11:35:07');
INSERT INTO events (id, title, description, start_datetime, end_datetime, category_id, contact_id, location, notes, status, color, is_all_day, visible_to_client, assigned_to, created_by, created_at, updated_at) VALUES (435, 'Video statistiche tommaso', '', '2025-12-11 11:00:00', '2025-12-11 11:45:00', 58, NULL, '', NULL, 'scheduled', '#ed72fd', 0, 1, 12, 12, '2025-12-25 11:35:07', '2025-12-25 11:35:07');
INSERT INTO events (id, title, description, start_datetime, end_datetime, category_id, contact_id, location, notes, status, color, is_all_day, visible_to_client, assigned_to, created_by, created_at, updated_at) VALUES (436, 'Grafiche + Programmazione post Tecnorete', '[Creato da Task #112: Grafiche + Programmazione post Tecnorete]', '2025-12-11 14:00:00', '2025-12-11 17:20:00', 58, 36, '', NULL, 'scheduled', '#ed72fd', 0, 1, 12, 12, '2025-12-25 11:35:07', '2025-12-25 11:35:07');
INSERT INTO events (id, title, description, start_datetime, end_datetime, category_id, contact_id, location, notes, status, color, is_all_day, visible_to_client, assigned_to, created_by, created_at, updated_at) VALUES (438, 'CED dicembre-gennaio', '', '2025-12-11 15:30:00', '2025-12-11 18:15:00', 51, 125, '', NULL, 'scheduled', '#71e57e', 0, 1, 3, 3, '2025-12-25 11:35:07', '2025-12-25 11:35:07');
INSERT INTO events (id, title, description, start_datetime, end_datetime, category_id, contact_id, location, notes, status, color, is_all_day, visible_to_client, assigned_to, created_by, created_at, updated_at) VALUES (439, 'Bozze grafiche post e storie', '', '2025-12-12 11:30:00', '2025-12-12 12:15:00', 51, 125, '', NULL, 'scheduled', '#71e57e', 0, 1, 3, 3, '2025-12-25 11:35:07', '2025-12-25 11:35:07');
INSERT INTO events (id, title, description, start_datetime, end_datetime, category_id, contact_id, location, notes, status, color, is_all_day, visible_to_client, assigned_to, created_by, created_at, updated_at) VALUES (440, 'Call per blog', '', '2025-12-12 10:30:00', '2025-12-12 12:00:00', 24, NULL, '', NULL, 'scheduled', '#b40450', 0, 1, 3, 3, '2025-12-25 11:35:07', '2025-12-25 11:35:07');
INSERT INTO events (id, title, description, start_datetime, end_datetime, category_id, contact_id, location, notes, status, color, is_all_day, visible_to_client, assigned_to, created_by, created_at, updated_at) VALUES (442, 'Bozze grafiche post e storie', '', '2025-12-12 15:00:00', '2025-12-12 18:00:00', 51, 125, '', NULL, 'scheduled', '#71e57e', 0, 1, 12, 3, '2025-12-25 11:35:07', '2025-12-25 11:35:07');
INSERT INTO events (id, title, description, start_datetime, end_datetime, category_id, contact_id, location, notes, status, color, is_all_day, visible_to_client, assigned_to, created_by, created_at, updated_at) VALUES (443, 'Preparazione CED gennaio-febbraio', '', '2025-12-12 17:00:00', '2025-12-12 18:15:00', 51, 36, '', NULL, 'scheduled', '#71e57e', 0, 1, 3, 3, '2025-12-25 11:35:07', '2025-12-25 11:35:07');
INSERT INTO events (id, title, description, start_datetime, end_datetime, category_id, contact_id, location, notes, status, color, is_all_day, visible_to_client, assigned_to, created_by, created_at, updated_at) VALUES (444, 'Incontro con Pietro', '', '2025-12-16 10:30:00', '2025-12-16 11:30:00', 22, 125, '', NULL, 'scheduled', '#ffdb59', 0, 1, 3, 3, '2025-12-25 11:35:07', '2025-12-25 11:35:07');
INSERT INTO events (id, title, description, start_datetime, end_datetime, category_id, contact_id, location, notes, status, color, is_all_day, visible_to_client, assigned_to, created_by, created_at, updated_at) VALUES (445, 'Post 17, 23 e 31/12', '', '2025-12-15 10:30:00', '2025-12-15 12:15:00', 51, 56, '', NULL, 'scheduled', '#71e57e', 0, 1, 3, 3, '2025-12-25 11:35:07', '2025-12-25 11:35:07');
INSERT INTO events (id, title, description, start_datetime, end_datetime, category_id, contact_id, location, notes, status, color, is_all_day, visible_to_client, assigned_to, created_by, created_at, updated_at) VALUES (446, 'Preparare post gennaio', '', '2025-12-22 11:00:00', '2025-12-22 12:00:00', 51, 36, '', NULL, 'scheduled', '#71e57e', 1, 1, 3, 3, '2025-12-25 11:35:07', '2025-12-25 11:35:07');
INSERT INTO events (id, title, description, start_datetime, end_datetime, category_id, contact_id, location, notes, status, color, is_all_day, visible_to_client, assigned_to, created_by, created_at, updated_at) VALUES (447, 'Preparare post gennaio', '', '2025-12-29 00:00:00', '2025-12-29 00:00:00', 51, 43, '', NULL, 'scheduled', '#71e57e', 1, 1, 3, 3, '2025-12-25 11:35:07', '2025-12-25 11:35:07');
INSERT INTO events (id, title, description, start_datetime, end_datetime, category_id, contact_id, location, notes, status, color, is_all_day, visible_to_client, assigned_to, created_by, created_at, updated_at) VALUES (448, 'Preparare video auguri Natale Alessandro', '', '2025-12-15 07:00:00', '2025-12-15 08:00:00', 56, NULL, '', NULL, 'scheduled', '#3b82f6', 1, 1, 3, 3, '2025-12-25 11:35:07', '2025-12-25 11:35:07');
INSERT INTO events (id, title, description, start_datetime, end_datetime, category_id, contact_id, location, notes, status, color, is_all_day, visible_to_client, assigned_to, created_by, created_at, updated_at) VALUES (449, 'Rifare storie in evidenza crema e cremona', '[Creato da Task #86: Rifare storie in evidenza crema e cremona]', '2025-12-16 10:00:00', '2025-12-16 12:00:00', 58, 94, '', NULL, 'scheduled', '#ed72fd', 0, 1, 12, 12, '2025-12-25 11:35:07', '2025-12-25 11:35:07');
INSERT INTO events (id, title, description, start_datetime, end_datetime, category_id, contact_id, location, notes, status, color, is_all_day, visible_to_client, assigned_to, created_by, created_at, updated_at) VALUES (450, 'Rifare storie in evidenza crema e cremona', '[Creato da Task #86: Rifare storie in evidenza crema e cremona]', '2025-12-12 15:00:00', '2025-12-12 16:30:00', 58, 94, '', NULL, 'scheduled', '#ed72fd', 0, 1, 12, 12, '2025-12-25 11:35:07', '2025-12-25 11:35:07');
INSERT INTO events (id, title, description, start_datetime, end_datetime, category_id, contact_id, location, notes, status, color, is_all_day, visible_to_client, assigned_to, created_by, created_at, updated_at) VALUES (451, 'Rifare storie in evidenza crema e cremona', '[Creato da Task #86: Rifare storie in evidenza crema e cremona]', '2025-12-17 10:30:00', '2025-12-17 13:00:00', 58, 94, '', NULL, 'scheduled', '#ed72fd', 0, 1, 12, 12, '2025-12-25 11:35:07', '2025-12-25 11:35:07');
INSERT INTO events (id, title, description, start_datetime, end_datetime, category_id, contact_id, location, notes, status, color, is_all_day, visible_to_client, assigned_to, created_by, created_at, updated_at) VALUES (452, 'Apertura profilo Instagram', '', '2025-12-18 10:30:00', '2025-12-18 11:15:00', 51, 125, '', NULL, 'scheduled', '#71e57e', 0, 1, 3, 3, '2025-12-25 11:35:07', '2025-12-25 11:35:07');
INSERT INTO events (id, title, description, start_datetime, end_datetime, category_id, contact_id, location, notes, status, color, is_all_day, visible_to_client, assigned_to, created_by, created_at, updated_at) VALUES (453, 'Storie instagram per le feste', 'per i profili di tecnorete (Somma e Villa) e tecnocasa (Crema e Cremona)

[Creato da Task #115: Storie instagram per le feste]', '2025-12-18 10:45:00', '2025-12-18 12:45:00', 58, NULL, '', NULL, 'scheduled', '#ed72fd', 0, 1, 12, 12, '2025-12-25 11:35:07', '2025-12-25 11:35:07');
INSERT INTO events (id, title, description, start_datetime, end_datetime, category_id, contact_id, location, notes, status, color, is_all_day, visible_to_client, assigned_to, created_by, created_at, updated_at) VALUES (454, 'Preparazione post', '', '2025-12-18 11:15:00', '2025-12-18 12:45:00', 51, 125, '', NULL, 'scheduled', '#71e57e', 0, 1, 3, 3, '2025-12-25 11:35:07', '2025-12-25 11:35:07');
INSERT INTO events (id, title, description, start_datetime, end_datetime, category_id, contact_id, location, notes, status, color, is_all_day, visible_to_client, assigned_to, created_by, created_at, updated_at) VALUES (455, 'Preparazione e programmazione post', '', '2025-12-18 15:30:00', '2025-12-18 17:15:00', 51, 125, '', NULL, 'scheduled', '#71e57e', 0, 1, 3, 3, '2025-12-25 11:35:07', '2025-12-25 11:35:07');
INSERT INTO events (id, title, description, start_datetime, end_datetime, category_id, contact_id, location, notes, status, color, is_all_day, visible_to_client, assigned_to, created_by, created_at, updated_at) VALUES (457, 'Creare storie sulla base dei contenuti già creati (somma)', 'Creare delle storie con sondaggi o box domande sulla base di contenuti informativi già pubblicati

[Creato da Task #83: Creare storie sulla base dei contenuti già creati (somma)]', '2025-12-18 14:30:00', '2025-12-18 17:30:00', 58, 36, '', NULL, 'scheduled', '#ed72fd', 0, 1, 12, 12, '2025-12-25 11:35:07', '2025-12-25 11:35:07');
INSERT INTO events (id, title, description, start_datetime, end_datetime, category_id, contact_id, location, notes, status, color, is_all_day, visible_to_client, assigned_to, created_by, created_at, updated_at) VALUES (458, 'Preparato preventivo bando Nexora', '', '2025-12-18 17:30:00', '2025-12-18 17:50:00', 56, NULL, '', NULL, 'scheduled', '#3b82f6', 0, 1, 3, 3, '2025-12-25 11:35:07', '2025-12-25 11:35:07');
INSERT INTO events (id, title, description, start_datetime, end_datetime, category_id, contact_id, location, notes, status, color, is_all_day, visible_to_client, assigned_to, created_by, created_at, updated_at) VALUES (459, 'Post Villafranca e Cremona', '', '2025-12-19 10:30:00', '2025-12-19 12:45:00', 51, NULL, '', NULL, 'scheduled', '#71e57e', 0, 1, 3, 3, '2025-12-25 11:35:07', '2025-12-25 11:35:07');
INSERT INTO events (id, title, description, start_datetime, end_datetime, category_id, contact_id, location, notes, status, color, is_all_day, visible_to_client, assigned_to, created_by, created_at, updated_at) VALUES (460, 'Post di natale Valedent', '[Creato da Task #117: Post di natale Valedent]', '2025-12-19 10:40:00', '2025-12-19 12:40:00', 58, NULL, '', NULL, 'scheduled', '#ed72fd', 0, 1, 12, 12, '2025-12-25 11:35:07', '2025-12-25 11:35:07');
INSERT INTO events (id, title, description, start_datetime, end_datetime, category_id, contact_id, location, notes, status, color, is_all_day, visible_to_client, assigned_to, created_by, created_at, updated_at) VALUES (461, 'Creazione e programmazione post + storie fino al 06/01', '', '2025-12-22 14:30:00', '2025-12-22 16:45:00', 51, 125, '', NULL, 'scheduled', '#71e57e', 0, 1, 3, 3, '2025-12-25 11:35:07', '2025-12-25 11:35:07');
INSERT INTO events (id, title, description, start_datetime, end_datetime, category_id, contact_id, location, notes, status, color, is_all_day, visible_to_client, assigned_to, created_by, created_at, updated_at) VALUES (462, 'Programmare le storie di Tecnorete', 'programmare le storie di tecnorete e villafranca per il mese di gennaio

[Creato da Task #118: Programmare le storie di Tecnorete]', '2025-12-19 14:00:00', '2025-12-19 15:00:00', 58, NULL, '', NULL, 'scheduled', '#ed72fd', 0, 1, 12, 12, '2025-12-25 11:35:07', '2025-12-25 11:35:07');
INSERT INTO events (id, title, description, start_datetime, end_datetime, category_id, contact_id, location, notes, status, color, is_all_day, visible_to_client, assigned_to, created_by, created_at, updated_at) VALUES (463, 'Progetto Top Secret', '', '2025-12-19 10:00:00', '2025-12-19 12:30:00', 52, NULL, '', NULL, 'scheduled', '#9870f5', 0, 1, 2, 2, '2025-12-25 11:35:07', '2025-12-25 11:35:07');
INSERT INTO events (id, title, description, start_datetime, end_datetime, category_id, contact_id, location, notes, status, color, is_all_day, visible_to_client, assigned_to, created_by, created_at, updated_at) VALUES (464, 'Progetto Top Secret', '', '2025-12-19 14:30:00', '2025-12-19 18:00:00', 52, NULL, '', NULL, 'scheduled', '#9870f5', 0, 1, 2, 2, '2025-12-25 11:35:07', '2025-12-25 11:35:07');
INSERT INTO events (id, title, description, start_datetime, end_datetime, category_id, contact_id, location, notes, status, color, is_all_day, visible_to_client, assigned_to, created_by, created_at, updated_at) VALUES (465, 'JUSTIN malato', '', '2025-12-17 00:00:00', '2025-12-18 00:00:00', 59, NULL, '', NULL, 'scheduled', NULL, 1, 1, 2, 2, '2025-12-25 11:35:07', '2025-12-25 11:35:07');
INSERT INTO events (id, title, description, start_datetime, end_datetime, category_id, contact_id, location, notes, status, color, is_all_day, visible_to_client, assigned_to, created_by, created_at, updated_at) VALUES (466, 'STEFANO malato', '', '2025-12-17 07:00:00', '2025-12-17 08:00:00', 59, NULL, '', NULL, 'scheduled', NULL, 1, 1, 2, 2, '2025-12-25 11:35:07', '2025-12-25 11:35:07');
INSERT INTO events (id, title, description, start_datetime, end_datetime, category_id, contact_id, location, notes, status, color, is_all_day, visible_to_client, assigned_to, created_by, created_at, updated_at) VALUES (467, 'GIULIA assente', '', '2025-12-12 09:00:00', '2025-12-12 15:00:00', 60, NULL, '', NULL, 'scheduled', NULL, 0, 1, 2, 2, '2025-12-25 11:35:07', '2025-12-25 11:35:07');
INSERT INTO events (id, title, description, start_datetime, end_datetime, category_id, contact_id, location, notes, status, color, is_all_day, visible_to_client, assigned_to, created_by, created_at, updated_at) VALUES (468, 'ULTIMO GIORNO giulia', '', '2025-12-19 07:00:00', '2025-12-19 08:00:00', 27, NULL, '', NULL, 'scheduled', '#6b7280', 1, 1, 2, 2, '2025-12-25 11:35:07', '2025-12-25 11:35:07');
INSERT INTO events (id, title, description, start_datetime, end_datetime, category_id, contact_id, location, notes, status, color, is_all_day, visible_to_client, assigned_to, created_by, created_at, updated_at) VALUES (469, 'GIULIA assente', '', '2025-12-22 14:00:00', '2025-12-26 15:00:00', 60, NULL, '', NULL, 'scheduled', NULL, 1, 1, 2, 2, '2025-12-25 11:35:07', '2025-12-25 11:35:07');
INSERT INTO events (id, title, description, start_datetime, end_datetime, category_id, contact_id, location, notes, status, color, is_all_day, visible_to_client, assigned_to, created_by, created_at, updated_at) VALUES (470, 'GIULIA assente', '', '2025-12-29 07:00:00', '2026-01-02 08:00:00', 60, NULL, '', NULL, 'scheduled', NULL, 1, 1, 2, 2, '2025-12-25 11:35:07', '2025-12-25 11:35:07');
INSERT INTO events (id, title, description, start_datetime, end_datetime, category_id, contact_id, location, notes, status, color, is_all_day, visible_to_client, assigned_to, created_by, created_at, updated_at) VALUES (472, 'Post di natale Valedent', '[Creato da Task #117: Post di natale Valedent]', '2025-12-19 15:00:00', '2025-12-19 16:30:00', 58, NULL, '', NULL, 'scheduled', '#ed72fd', 0, 1, 12, 12, '2025-12-25 11:35:07', '2025-12-25 11:35:07');
INSERT INTO events (id, title, description, start_datetime, end_datetime, category_id, contact_id, location, notes, status, color, is_all_day, visible_to_client, assigned_to, created_by, created_at, updated_at) VALUES (473, 'Rifare grafica lavora con noi con stile seguici sui social', '[Creato da Task #119: Rifare grafica lavora con noi con stile seguici sui social]', '2025-12-19 16:30:00', '2025-12-19 17:30:00', 58, 94, '', NULL, 'scheduled', '#ed72fd', 0, 1, 12, 12, '2025-12-25 11:35:07', '2025-12-25 11:35:07');
INSERT INTO events (id, title, description, start_datetime, end_datetime, category_id, contact_id, location, notes, status, color, is_all_day, visible_to_client, assigned_to, created_by, created_at, updated_at) VALUES (474, 'Abbonamento Giulia', '', '2025-12-29 00:00:00', '2025-12-29 00:00:00', 27, NULL, '', NULL, 'scheduled', '#6b7280', 1, 1, 2, 2, '2025-12-25 11:35:07', '2025-12-25 11:35:07');
INSERT INTO events (id, title, description, start_datetime, end_datetime, category_id, contact_id, location, notes, status, color, is_all_day, visible_to_client, assigned_to, created_by, created_at, updated_at) VALUES (475, 'Comunicazione MISMO', '', '2025-12-19 15:00:00', '2025-12-19 18:00:00', 56, NULL, '', NULL, 'scheduled', '#3b82f6', 0, 1, 3, 3, '2025-12-25 11:35:07', '2025-12-25 11:35:07');


-- Table: event_categories
-- CREATE TABLE "event_categories" (
    "id" INTEGER NOT NULL PRIMARY KEY AUTOINCREMENT,
    "name" TEXT NOT NULL,
    "color" TEXT NOT NULL DEFAULT '#3b82f6',
    "icon" TEXT,
    "is_active" BOOLEAN NOT NULL DEFAULT true,
    "created_at" DATETIME NOT NULL DEFAULT CURRENT_TIMESTAMP,
    "updated_at" DATETIME NOT NULL
)

-- Data for table: event_categories (12 rows)
INSERT INTO event_categories (id, name, color, icon, is_active, created_at, updated_at) VALUES (2, 'Meeting', '#fe4303', '🚗', 1, '2025-12-24 15:13:27', '2025-12-24 15:13:27');
INSERT INTO event_categories (id, name, color, icon, is_active, created_at, updated_at) VALUES (4, 'Formazione', '#8b5cf6', '📚', 1, '2025-12-24 15:13:27', '2025-12-24 15:13:27');
INSERT INTO event_categories (id, name, color, icon, is_active, created_at, updated_at) VALUES (5, 'Marketing', '#f59e0b', '📢', 1, '2025-12-24 15:13:27', '2025-12-24 15:13:27');
INSERT INTO event_categories (id, name, color, icon, is_active, created_at, updated_at) VALUES (22, 'Appuntamenti clienti', '#ffdb59', '☕️', 1, '2025-12-24 15:13:27', '2025-12-24 15:13:27');
INSERT INTO event_categories (id, name, color, icon, is_active, created_at, updated_at) VALUES (24, 'Call/Chiamate', '#b40450', '☎️', 1, '2025-12-24 15:13:27', '2025-12-24 15:13:27');
INSERT INTO event_categories (id, name, color, icon, is_active, created_at, updated_at) VALUES (25, 'Viaggi/Vacanze', '#1b8eff', '✈️', 1, '2025-12-24 15:13:27', '2025-12-24 15:13:27');
INSERT INTO event_categories (id, name, color, icon, is_active, created_at, updated_at) VALUES (27, 'Altro', '#6b7280', '📋', 1, '2025-12-24 15:13:27', '2025-12-24 15:13:27');
INSERT INTO event_categories (id, name, color, icon, is_active, created_at, updated_at) VALUES (51, 'Progetti Stefano', '#71e57e', '👨🏻', 1, '2025-12-24 15:13:27', '2025-12-24 15:13:27');
INSERT INTO event_categories (id, name, color, icon, is_active, created_at, updated_at) VALUES (52, 'Personale Davide', '#9870f5', '👤', 1, '2025-12-24 15:13:27', '2025-12-24 15:13:27');
INSERT INTO event_categories (id, name, color, icon, is_active, created_at, updated_at) VALUES (56, 'Interno', '#3b82f6', '🗂️', 1, '2025-12-24 15:13:27', '2025-12-24 15:13:27');
INSERT INTO event_categories (id, name, color, icon, is_active, created_at, updated_at) VALUES (57, 'Sviluppo', '#3bf7b8', '⚙️', 1, '2025-12-24 15:13:27', '2025-12-24 15:13:27');
INSERT INTO event_categories (id, name, color, icon, is_active, created_at, updated_at) VALUES (58, 'Personale Giulia', '#ed72fd', '💄', 1, '2025-12-25 11:37:27', '2025-12-25 11:37:27');


-- Table: event_participants
-- CREATE TABLE "event_participants" (
    "id" INTEGER NOT NULL PRIMARY KEY AUTOINCREMENT,
    "event_id" INTEGER NOT NULL,
    "contact_id" INTEGER NOT NULL,
    "status" TEXT NOT NULL DEFAULT 'pending',
    "notes" TEXT,
    "created_at" DATETIME NOT NULL DEFAULT CURRENT_TIMESTAMP,
    CONSTRAINT "event_participants_event_id_fkey" FOREIGN KEY ("event_id") REFERENCES "events" ("id") ON DELETE CASCADE ON UPDATE CASCADE,
    CONSTRAINT "event_participants_contact_id_fkey" FOREIGN KEY ("contact_id") REFERENCES "contacts" ("id") ON DELETE CASCADE ON UPDATE CASCADE
)

-- No data in table: event_participants


-- Table: transactions
-- CREATE TABLE "transactions" (
    "id" INTEGER NOT NULL PRIMARY KEY AUTOINCREMENT,
    "type" TEXT NOT NULL,
    "amount" REAL NOT NULL,
    "date" DATETIME NOT NULL,
    "category_id" INTEGER,
    "payment_method_id" INTEGER,
    "contact_id" INTEGER,
    "description" TEXT,
    "invoice_id" INTEGER,
    "created_by" INTEGER NOT NULL,
    "created_at" DATETIME NOT NULL DEFAULT CURRENT_TIMESTAMP,
    "updated_at" DATETIME NOT NULL,
    CONSTRAINT "transactions_category_id_fkey" FOREIGN KEY ("category_id") REFERENCES "transaction_categories" ("id") ON DELETE SET NULL ON UPDATE CASCADE,
    CONSTRAINT "transactions_payment_method_id_fkey" FOREIGN KEY ("payment_method_id") REFERENCES "payment_methods" ("id") ON DELETE SET NULL ON UPDATE CASCADE,
    CONSTRAINT "transactions_contact_id_fkey" FOREIGN KEY ("contact_id") REFERENCES "contacts" ("id") ON DELETE SET NULL ON UPDATE CASCADE,
    CONSTRAINT "transactions_created_by_fkey" FOREIGN KEY ("created_by") REFERENCES "users" ("id") ON DELETE RESTRICT ON UPDATE CASCADE
)

-- Data for table: transactions (163 rows)
INSERT INTO transactions (id, type, amount, date, category_id, payment_method_id, contact_id, description, invoice_id, created_by, created_at, updated_at) VALUES (1, 'INCOME', 469.0, '2025-01-15', 1, NULL, NULL, 'Fattura #012025 - Social Media Management - mese di gennaio 2025', NULL, 3, '2025-12-24 16:12:14', '2025-12-24 16:12:14');
INSERT INTO transactions (id, type, amount, date, category_id, payment_method_id, contact_id, description, invoice_id, created_by, created_at, updated_at) VALUES (5, 'INCOME', 469.0, '2025-08-11', 1, NULL, NULL, 'Fattura #142025 - SOCIAL MEDIA MANAGEMENT', NULL, 2, '2025-12-24 16:12:14', '2025-12-24 16:12:14');
INSERT INTO transactions (id, type, amount, date, category_id, payment_method_id, contact_id, description, invoice_id, created_by, created_at, updated_at) VALUES (6, 'INCOME', 469.0, '2025-07-10', 1, NULL, NULL, 'Fattura #132025 - OGGETTO: SOCIAL MEDIA MANAGEMENT', NULL, 2, '2025-12-24 16:12:14', '2025-12-24 16:12:14');
INSERT INTO transactions (id, type, amount, date, category_id, payment_method_id, contact_id, description, invoice_id, created_by, created_at, updated_at) VALUES (7, 'INCOME', 469.0, '2025-06-09', 1, NULL, NULL, 'Fattura #122025 - SOCIAL MEDIA MANAGEMENT', NULL, 2, '2025-12-24 16:12:14', '2025-12-24 16:12:14');
INSERT INTO transactions (id, type, amount, date, category_id, payment_method_id, contact_id, description, invoice_id, created_by, created_at, updated_at) VALUES (8, 'INCOME', 996.0, '2025-06-23', 1, NULL, NULL, 'Fattura #112025 - PIANO SOCIAL MEDIA DESIGN PER 4 MESI', NULL, 2, '2025-12-24 16:12:14', '2025-12-24 16:12:14');
INSERT INTO transactions (id, type, amount, date, category_id, payment_method_id, contact_id, description, invoice_id, created_by, created_at, updated_at) VALUES (9, 'INCOME', 469.0, '2025-05-12', 1, NULL, NULL, 'Fattura #102025 - SOCIAL MEDIA MANAGEMENT', NULL, 2, '2025-12-24 16:12:14', '2025-12-24 16:12:14');
INSERT INTO transactions (id, type, amount, date, category_id, payment_method_id, contact_id, description, invoice_id, created_by, created_at, updated_at) VALUES (10, 'INCOME', 690.0, '2025-04-25', 1, NULL, NULL, 'Fattura #082025 - DESIGN DEL LOGO', NULL, 2, '2025-12-24 16:12:14', '2025-12-24 16:12:14');
INSERT INTO transactions (id, type, amount, date, category_id, payment_method_id, contact_id, description, invoice_id, created_by, created_at, updated_at) VALUES (11, 'INCOME', 469.0, '2025-04-14', 1, NULL, NULL, 'Fattura #092025 - SOCIAL MEDIA MANAGEMENT', NULL, 2, '2025-12-24 16:12:14', '2025-12-24 16:12:14');
INSERT INTO transactions (id, type, amount, date, category_id, payment_method_id, contact_id, description, invoice_id, created_by, created_at, updated_at) VALUES (12, 'INCOME', 1078.0, '2025-04-24', 1, NULL, NULL, 'Fattura #072025 - SOCIAL MEDIA MANAGEMENT', NULL, 2, '2025-12-24 16:12:14', '2025-12-24 16:12:14');
INSERT INTO transactions (id, type, amount, date, category_id, payment_method_id, contact_id, description, invoice_id, created_by, created_at, updated_at) VALUES (13, 'INCOME', 469.0, '2025-03-17', 1, NULL, NULL, 'Fattura #062025 - SOCIAL MEDIA MANAGEMENT', NULL, 2, '2025-12-24 16:12:14', '2025-12-24 16:12:14');
INSERT INTO transactions (id, type, amount, date, category_id, payment_method_id, contact_id, description, invoice_id, created_by, created_at, updated_at) VALUES (14, 'INCOME', 2000.0, '2025-02-20', 1, NULL, NULL, 'Fattura #052025 - PERCORSO BESPOKE', NULL, 2, '2025-12-24 16:12:14', '2025-12-24 16:12:14');
INSERT INTO transactions (id, type, amount, date, category_id, payment_method_id, contact_id, description, invoice_id, created_by, created_at, updated_at) VALUES (15, 'INCOME', 469.0, '2025-02-14', 1, NULL, NULL, 'Fattura #042025 - SOCIAL MEDIA MANAGEMENT', NULL, 2, '2025-12-24 16:12:14', '2025-12-24 16:12:14');
INSERT INTO transactions (id, type, amount, date, category_id, payment_method_id, contact_id, description, invoice_id, created_by, created_at, updated_at) VALUES (16, 'INCOME', 20.5, '2025-03-12', 1, NULL, NULL, 'Fattura #032025 - ACQUISTO ESPOSITORE', NULL, 2, '2025-12-24 16:12:14', '2025-12-24 16:12:14');
INSERT INTO transactions (id, type, amount, date, category_id, payment_method_id, contact_id, description, invoice_id, created_by, created_at, updated_at) VALUES (17, 'INCOME', 1078.0, '2025-02-05', 1, NULL, NULL, 'Fattura #022025 - SOCIAL MEDIA MANAGEMENT', NULL, 2, '2025-12-24 16:12:14', '2025-12-24 16:12:14');
INSERT INTO transactions (id, type, amount, date, category_id, payment_method_id, contact_id, description, invoice_id, created_by, created_at, updated_at) VALUES (18, 'INCOME', 2150.0, '2025-01-20', 1, NULL, NULL, 'Fattura #182024 - CREAZIONE BRAND IDENTITY', NULL, 2, '2025-12-24 16:12:14', '2025-12-24 16:12:14');
INSERT INTO transactions (id, type, amount, date, category_id, payment_method_id, contact_id, description, invoice_id, created_by, created_at, updated_at) VALUES (21, 'EXPENSE', 15.99, '2025-01-08', 8, NULL, NULL, 'Registrazione dominio mcsol.it', NULL, 2, '2025-12-24 16:12:14', '2025-12-24 16:12:14');
INSERT INTO transactions (id, type, amount, date, category_id, payment_method_id, contact_id, description, invoice_id, created_by, created_at, updated_at) VALUES (22, 'EXPENSE', 1075.0, '2025-01-20', 14, NULL, NULL, 'Stipendio Davide', NULL, 2, '2025-12-24 16:12:14', '2025-12-24 16:12:14');
INSERT INTO transactions (id, type, amount, date, category_id, payment_method_id, contact_id, description, invoice_id, created_by, created_at, updated_at) VALUES (23, 'EXPENSE', 1075.0, '2025-01-20', 14, NULL, NULL, 'Stipendio Stefano', NULL, 2, '2025-12-24 16:12:14', '2025-12-24 16:12:14');
INSERT INTO transactions (id, type, amount, date, category_id, payment_method_id, contact_id, description, invoice_id, created_by, created_at, updated_at) VALUES (24, 'EXPENSE', 12.0, '2025-01-30', 11, NULL, NULL, 'Sponsorizzazioni ADS Google', NULL, 2, '2025-12-24 16:12:14', '2025-12-24 16:12:14');
INSERT INTO transactions (id, type, amount, date, category_id, payment_method_id, contact_id, description, invoice_id, created_by, created_at, updated_at) VALUES (25, 'EXPENSE', 500.0, '2025-01-31', 25, NULL, NULL, 'Affitto ufficio febbraio', NULL, 2, '2025-12-24 16:12:14', '2025-12-24 16:12:14');
INSERT INTO transactions (id, type, amount, date, category_id, payment_method_id, contact_id, description, invoice_id, created_by, created_at, updated_at) VALUES (26, 'EXPENSE', 20.5, '2025-02-03', 12, NULL, NULL, 'Anticipo espositore ValeDent', NULL, 2, '2025-12-24 16:12:14', '2025-12-24 16:12:14');
INSERT INTO transactions (id, type, amount, date, category_id, payment_method_id, contact_id, description, invoice_id, created_by, created_at, updated_at) VALUES (27, 'EXPENSE', 500.0, '2025-02-28', 25, NULL, NULL, 'Affitto ufficio marzo', NULL, 2, '2025-12-24 16:12:14', '2025-12-24 16:12:14');
INSERT INTO transactions (id, type, amount, date, category_id, payment_method_id, contact_id, description, invoice_id, created_by, created_at, updated_at) VALUES (28, 'EXPENSE', 21.7, '2025-03-03', 18, NULL, NULL, 'Pranzo @Bauli', NULL, 2, '2025-12-24 16:12:14', '2025-12-24 16:12:14');
INSERT INTO transactions (id, type, amount, date, category_id, payment_method_id, contact_id, description, invoice_id, created_by, created_at, updated_at) VALUES (29, 'EXPENSE', 143.52, '2025-03-03', 10, NULL, NULL, 'Rinnovo hosting 48 mesi', NULL, 2, '2025-12-24 16:12:14', '2025-12-24 16:12:14');
INSERT INTO transactions (id, type, amount, date, category_id, payment_method_id, contact_id, description, invoice_id, created_by, created_at, updated_at) VALUES (30, 'EXPENSE', 11.99, '2025-03-10', 9, NULL, NULL, 'Capcut mensile marzo', NULL, 2, '2025-12-24 16:12:14', '2025-12-24 16:12:14');
INSERT INTO transactions (id, type, amount, date, category_id, payment_method_id, contact_id, description, invoice_id, created_by, created_at, updated_at) VALUES (31, 'EXPENSE', 19.0, '2025-03-11', 12, NULL, NULL, 'Incisione e smaltatura targa', NULL, 2, '2025-12-24 16:12:14', '2025-12-24 16:12:14');
INSERT INTO transactions (id, type, amount, date, category_id, payment_method_id, contact_id, description, invoice_id, created_by, created_at, updated_at) VALUES (32, 'EXPENSE', 16.0, '2025-03-27', 11, NULL, NULL, 'Sponsorizzate Meta ADS', NULL, 2, '2025-12-24 16:12:14', '2025-12-24 16:12:14');
INSERT INTO transactions (id, type, amount, date, category_id, payment_method_id, contact_id, description, invoice_id, created_by, created_at, updated_at) VALUES (33, 'EXPENSE', 500.0, '2025-03-31', 25, NULL, NULL, 'Affitto ufficio aprile', NULL, 2, '2025-12-24 16:12:14', '2025-12-24 16:12:14');
INSERT INTO transactions (id, type, amount, date, category_id, payment_method_id, contact_id, description, invoice_id, created_by, created_at, updated_at) VALUES (34, 'EXPENSE', 20.0, '2025-04-02', 11, NULL, NULL, 'ADS Call 30 minuti', NULL, 2, '2025-12-24 16:12:14', '2025-12-24 16:12:14');
INSERT INTO transactions (id, type, amount, date, category_id, payment_method_id, contact_id, description, invoice_id, created_by, created_at, updated_at) VALUES (35, 'EXPENSE', 18.0, '2025-04-03', 9, NULL, NULL, 'ChatGPT+ Aprile', NULL, 2, '2025-12-24 16:12:14', '2025-12-24 16:12:14');
INSERT INTO transactions (id, type, amount, date, category_id, payment_method_id, contact_id, description, invoice_id, created_by, created_at, updated_at) VALUES (36, 'EXPENSE', 1415.0, '2025-04-11', 14, NULL, NULL, 'Stipendi aprile', NULL, 2, '2025-12-24 16:12:14', '2025-12-24 16:12:14');
INSERT INTO transactions (id, type, amount, date, category_id, payment_method_id, contact_id, description, invoice_id, created_by, created_at, updated_at) VALUES (37, 'EXPENSE', 85.0, '2025-04-26', 18, NULL, NULL, 'Nomadness, G&V, pizza', NULL, 2, '2025-12-24 16:12:14', '2025-12-24 16:12:14');
INSERT INTO transactions (id, type, amount, date, category_id, payment_method_id, contact_id, description, invoice_id, created_by, created_at, updated_at) VALUES (38, 'EXPENSE', 539.0, '2025-04-28', 14, NULL, NULL, 'Stipendio Stefano', NULL, 2, '2025-12-24 16:12:14', '2025-12-24 16:12:14');
INSERT INTO transactions (id, type, amount, date, category_id, payment_method_id, contact_id, description, invoice_id, created_by, created_at, updated_at) VALUES (39, 'EXPENSE', 500.0, '2025-04-30', 25, NULL, NULL, 'Affitto ufficio maggio', NULL, 2, '2025-12-24 16:12:14', '2025-12-24 16:12:14');
INSERT INTO transactions (id, type, amount, date, category_id, payment_method_id, contact_id, description, invoice_id, created_by, created_at, updated_at) VALUES (40, 'EXPENSE', 539.0, '2025-05-02', 14, NULL, NULL, 'Stipendio Davide', NULL, 2, '2025-12-24 16:12:14', '2025-12-24 16:12:14');
INSERT INTO transactions (id, type, amount, date, category_id, payment_method_id, contact_id, description, invoice_id, created_by, created_at, updated_at) VALUES (41, 'EXPENSE', 11.0, '2025-05-02', 10, NULL, NULL, 'Registrazione dominio studiomismo.it', NULL, 2, '2025-12-24 16:12:14', '2025-12-24 16:12:14');
INSERT INTO transactions (id, type, amount, date, category_id, payment_method_id, contact_id, description, invoice_id, created_by, created_at, updated_at) VALUES (42, 'EXPENSE', 17.94, '2025-05-04', 9, NULL, NULL, 'ChatGPT+ maggio', NULL, 2, '2025-12-24 16:12:14', '2025-12-24 16:12:14');
INSERT INTO transactions (id, type, amount, date, category_id, payment_method_id, contact_id, description, invoice_id, created_by, created_at, updated_at) VALUES (43, 'EXPENSE', 23.98, '2025-05-05', 9, NULL, NULL, 'CapCut maggio', NULL, 2, '2025-12-24 16:12:14', '2025-12-24 16:12:14');
INSERT INTO transactions (id, type, amount, date, category_id, payment_method_id, contact_id, description, invoice_id, created_by, created_at, updated_at) VALUES (44, 'EXPENSE', 150.0, '2025-05-08', 14, NULL, NULL, 'Stipendio Cristian', NULL, 2, '2025-12-24 16:12:14', '2025-12-24 16:12:14');
INSERT INTO transactions (id, type, amount, date, category_id, payment_method_id, contact_id, description, invoice_id, created_by, created_at, updated_at) VALUES (45, 'EXPENSE', 500.0, '2025-05-30', 25, NULL, NULL, 'Affitto ufficio giugno', NULL, 2, '2025-12-24 16:12:14', '2025-12-24 16:12:14');
INSERT INTO transactions (id, type, amount, date, category_id, payment_method_id, contact_id, description, invoice_id, created_by, created_at, updated_at) VALUES (46, 'EXPENSE', 1200.0, '2025-05-30', 14, NULL, NULL, 'Stipendi maggio', NULL, 2, '2025-12-24 16:12:14', '2025-12-24 16:12:14');
INSERT INTO transactions (id, type, amount, date, category_id, payment_method_id, contact_id, description, invoice_id, created_by, created_at, updated_at) VALUES (47, 'EXPENSE', 149.0, '2025-06-11', 18, NULL, NULL, 'Registrazione marchio Mismo', NULL, 2, '2025-12-24 16:12:14', '2025-12-24 16:12:14');
INSERT INTO transactions (id, type, amount, date, category_id, payment_method_id, contact_id, description, invoice_id, created_by, created_at, updated_at) VALUES (48, 'EXPENSE', 22.0, '2025-06-16', 9, NULL, NULL, 'Abbonamento Claude giugno', NULL, 2, '2025-12-24 16:12:14', '2025-12-24 16:12:14');
INSERT INTO transactions (id, type, amount, date, category_id, payment_method_id, contact_id, description, invoice_id, created_by, created_at, updated_at) VALUES (49, 'EXPENSE', 996.0, '2025-06-24', 14, NULL, NULL, 'Stipendi giugno', NULL, 2, '2025-12-24 16:12:14', '2025-12-24 16:12:14');
INSERT INTO transactions (id, type, amount, date, category_id, payment_method_id, contact_id, description, invoice_id, created_by, created_at, updated_at) VALUES (50, 'EXPENSE', 40.0, '2025-06-26', 11, NULL, NULL, 'Meta ADS e Google ADS', NULL, 2, '2025-12-24 16:12:14', '2025-12-24 16:12:14');
INSERT INTO transactions (id, type, amount, date, category_id, payment_method_id, contact_id, description, invoice_id, created_by, created_at, updated_at) VALUES (51, 'EXPENSE', 107.0, '2025-06-26', 18, NULL, NULL, 'Spese varie', NULL, 2, '2025-12-24 16:12:14', '2025-12-24 16:12:14');
INSERT INTO transactions (id, type, amount, date, category_id, payment_method_id, contact_id, description, invoice_id, created_by, created_at, updated_at) VALUES (52, 'EXPENSE', 500.0, '2025-06-30', 25, NULL, NULL, 'Affitto ufficio luglio', NULL, 2, '2025-12-24 16:12:14', '2025-12-24 16:12:14');
INSERT INTO transactions (id, type, amount, date, category_id, payment_method_id, contact_id, description, invoice_id, created_by, created_at, updated_at) VALUES (53, 'EXPENSE', 50.0, '2025-07-08', 11, NULL, NULL, 'Campagne ADS Summer Brand Boost', NULL, 2, '2025-12-24 16:12:14', '2025-12-24 16:12:14');
INSERT INTO transactions (id, type, amount, date, category_id, payment_method_id, contact_id, description, invoice_id, created_by, created_at, updated_at) VALUES (54, 'EXPENSE', 22.0, '2025-07-14', 9, NULL, NULL, 'Abbonamento Claude luglio', NULL, 2, '2025-12-24 16:12:14', '2025-12-24 16:12:14');
INSERT INTO transactions (id, type, amount, date, category_id, payment_method_id, contact_id, description, invoice_id, created_by, created_at, updated_at) VALUES (55, 'EXPENSE', 11.5, '2025-07-22', 9, NULL, NULL, 'Abbonamento Notion agosto', NULL, 2, '2025-12-24 16:12:14', '2025-12-24 16:12:14');
INSERT INTO transactions (id, type, amount, date, category_id, payment_method_id, contact_id, description, invoice_id, created_by, created_at, updated_at) VALUES (56, 'EXPENSE', 18.0, '2025-07-24', 9, NULL, NULL, 'Abbonamento Claude agosto per Mismo', NULL, 2, '2025-12-24 16:12:14', '2025-12-24 16:12:14');
INSERT INTO transactions (id, type, amount, date, category_id, payment_method_id, contact_id, description, invoice_id, created_by, created_at, updated_at) VALUES (57, 'EXPENSE', 20.0, '2025-07-31', 9, NULL, NULL, 'Spesa Esselunga', NULL, 2, '2025-12-24 16:12:14', '2025-12-24 16:12:14');
INSERT INTO transactions (id, type, amount, date, category_id, payment_method_id, contact_id, description, invoice_id, created_by, created_at, updated_at) VALUES (58, 'EXPENSE', 15.99, '2025-07-31', 10, NULL, NULL, 'Registrazione dominio frilens.it', NULL, 2, '2025-12-24 16:12:14', '2025-12-24 16:12:14');
INSERT INTO transactions (id, type, amount, date, category_id, payment_method_id, contact_id, description, invoice_id, created_by, created_at, updated_at) VALUES (59, 'EXPENSE', 500.0, '2025-08-01', 25, NULL, NULL, 'Affitto ufficio agosto', NULL, 2, '2025-12-24 16:12:14', '2025-12-24 16:12:14');
INSERT INTO transactions (id, type, amount, date, category_id, payment_method_id, contact_id, description, invoice_id, created_by, created_at, updated_at) VALUES (60, 'EXPENSE', 24.5, '2025-08-01', 11, NULL, NULL, 'Google ADS', NULL, 2, '2025-12-24 16:12:14', '2025-12-24 16:12:14');
INSERT INTO transactions (id, type, amount, date, category_id, payment_method_id, contact_id, description, invoice_id, created_by, created_at, updated_at) VALUES (61, 'INCOME', 258.52, '2025-01-01', 24, NULL, NULL, 'Saldo iniziale', NULL, 2, '2025-12-24 16:12:14', '2025-12-24 16:12:14');
INSERT INTO transactions (id, type, amount, date, category_id, payment_method_id, contact_id, description, invoice_id, created_by, created_at, updated_at) VALUES (62, 'EXPENSE', 46.22, '2025-08-14', 18, NULL, NULL, 'Spese varie', NULL, 2, '2025-12-24 16:12:14', '2025-12-24 16:12:14');
INSERT INTO transactions (id, type, amount, date, category_id, payment_method_id, contact_id, description, invoice_id, created_by, created_at, updated_at) VALUES (63, 'EXPENSE', 18.0, '2025-08-20', 9, NULL, NULL, 'Abbonamento Claude Burrito', NULL, 2, '2025-12-24 16:12:14', '2025-12-24 16:12:14');
INSERT INTO transactions (id, type, amount, date, category_id, payment_method_id, contact_id, description, invoice_id, created_by, created_at, updated_at) VALUES (64, 'EXPENSE', 7.23, '2025-08-19', 18, NULL, NULL, 'Spesa ufficio', NULL, 2, '2025-12-24 16:12:14', '2025-12-24 16:12:14');
INSERT INTO transactions (id, type, amount, date, category_id, payment_method_id, contact_id, description, invoice_id, created_by, created_at, updated_at) VALUES (65, 'EXPENSE', 18.0, '2025-08-24', 9, NULL, NULL, 'Abbonamento Claude agosto', NULL, 3, '2025-12-24 16:12:14', '2025-12-24 16:12:14');
INSERT INTO transactions (id, type, amount, date, category_id, payment_method_id, contact_id, description, invoice_id, created_by, created_at, updated_at) VALUES (66, 'INCOME', 14.0, '2025-08-27', 24, NULL, NULL, 'Vendita quadretti Pattyland su Subito', NULL, 3, '2025-12-24 16:12:14', '2025-12-24 16:12:14');
INSERT INTO transactions (id, type, amount, date, category_id, payment_method_id, contact_id, description, invoice_id, created_by, created_at, updated_at) VALUES (67, 'EXPENSE', 31.13, '2025-09-01', 11, NULL, NULL, 'Google ADS Agosto', NULL, 3, '2025-12-24 16:12:14', '2025-12-24 16:12:14');
INSERT INTO transactions (id, type, amount, date, category_id, payment_method_id, contact_id, description, invoice_id, created_by, created_at, updated_at) VALUES (68, 'EXPENSE', 500.0, '2025-09-01', 25, NULL, NULL, 'Affitto mese di Settembre', NULL, 2, '2025-12-24 16:12:14', '2025-12-24 16:12:14');
INSERT INTO transactions (id, type, amount, date, category_id, payment_method_id, contact_id, description, invoice_id, created_by, created_at, updated_at) VALUES (69, 'INCOME', 12.0, '2025-09-04', 24, NULL, NULL, 'Vendita Vinted', NULL, 2, '2025-12-24 16:12:14', '2025-12-24 16:12:14');
INSERT INTO transactions (id, type, amount, date, category_id, payment_method_id, contact_id, description, invoice_id, created_by, created_at, updated_at) VALUES (70, 'EXPENSE', 6.0, '2025-09-04', 18, NULL, NULL, 'Aperitivo', NULL, 2, '2025-12-24 16:12:14', '2025-12-24 16:12:14');
INSERT INTO transactions (id, type, amount, date, category_id, payment_method_id, contact_id, description, invoice_id, created_by, created_at, updated_at) VALUES (71, 'INCOME', 16.0, '2025-09-16', 24, NULL, NULL, 'Vendita Vinted', NULL, 2, '2025-12-24 16:12:14', '2025-12-24 16:12:14');
INSERT INTO transactions (id, type, amount, date, category_id, payment_method_id, contact_id, description, invoice_id, created_by, created_at, updated_at) VALUES (72, 'INCOME', 25.0, '2025-09-22', 24, NULL, NULL, 'Vendita sedia Jysk', NULL, 3, '2025-12-24 16:12:14', '2025-12-24 16:12:14');
INSERT INTO transactions (id, type, amount, date, category_id, payment_method_id, contact_id, description, invoice_id, created_by, created_at, updated_at) VALUES (73, 'INCOME', 6.0, '2025-09-22', 24, NULL, NULL, 'Vendita 3 spille su Vinted', NULL, 3, '2025-12-24 16:12:14', '2025-12-24 16:12:14');
INSERT INTO transactions (id, type, amount, date, category_id, payment_method_id, contact_id, description, invoice_id, created_by, created_at, updated_at) VALUES (74, 'EXPENSE', 1.5, '2025-09-17', 18, NULL, NULL, 'Parcheggio Via Città di Nimes', NULL, 3, '2025-12-24 16:12:14', '2025-12-24 16:12:14');
INSERT INTO transactions (id, type, amount, date, category_id, payment_method_id, contact_id, description, invoice_id, created_by, created_at, updated_at) VALUES (75, 'INCOME', 469.0, '2025-09-24', 1, NULL, NULL, 'Fattura #152025 - Social Media Management - mese di settembre 2025', NULL, 3, '2025-12-24 16:12:14', '2025-12-24 16:12:14');
INSERT INTO transactions (id, type, amount, date, category_id, payment_method_id, contact_id, description, invoice_id, created_by, created_at, updated_at) VALUES (76, 'EXPENSE', 38.2, '2025-09-25', 18, NULL, NULL, 'Cena Old Wild West Adigeo', NULL, 3, '2025-12-24 16:12:14', '2025-12-24 16:12:14');
INSERT INTO transactions (id, type, amount, date, category_id, payment_method_id, contact_id, description, invoice_id, created_by, created_at, updated_at) VALUES (77, 'EXPENSE', 12.49, '2025-09-26', 18, NULL, NULL, 'Software + Varie', NULL, 2, '2025-12-24 16:12:14', '2025-12-24 16:12:14');
INSERT INTO transactions (id, type, amount, date, category_id, payment_method_id, contact_id, description, invoice_id, created_by, created_at, updated_at) VALUES (78, 'EXPENSE', 39.99, '2025-10-01', 8, NULL, NULL, 'Attivazione Iliad', NULL, 3, '2025-12-24 16:12:14', '2025-12-24 16:12:14');
INSERT INTO transactions (id, type, amount, date, category_id, payment_method_id, contact_id, description, invoice_id, created_by, created_at, updated_at) VALUES (79, 'EXPENSE', 31.08, '2025-10-01', 11, NULL, NULL, 'Google ADS Settembre', NULL, 3, '2025-12-24 16:12:14', '2025-12-24 16:12:14');
INSERT INTO transactions (id, type, amount, date, category_id, payment_method_id, contact_id, description, invoice_id, created_by, created_at, updated_at) VALUES (80, 'EXPENSE', 3.6, '2025-10-01', 18, NULL, NULL, 'Caffè e acqua', NULL, 3, '2025-12-24 16:12:14', '2025-12-24 16:12:14');
INSERT INTO transactions (id, type, amount, date, category_id, payment_method_id, contact_id, description, invoice_id, created_by, created_at, updated_at) VALUES (81, 'EXPENSE', 6.6, '2025-10-03', 18, NULL, NULL, 'Colazione da Dersut San Martino', NULL, 3, '2025-12-24 16:12:14', '2025-12-24 16:12:14');
INSERT INTO transactions (id, type, amount, date, category_id, payment_method_id, contact_id, description, invoice_id, created_by, created_at, updated_at) VALUES (82, 'EXPENSE', 3.0, '2025-10-03', 18, NULL, NULL, 'Copia chiave ufficio Pescantina', NULL, 3, '2025-12-24 16:12:14', '2025-12-24 16:12:14');
INSERT INTO transactions (id, type, amount, date, category_id, payment_method_id, contact_id, description, invoice_id, created_by, created_at, updated_at) VALUES (83, 'EXPENSE', 46.9, '2025-10-05', 18, NULL, NULL, 'Materiali per nuovo ufficio', NULL, 3, '2025-12-24 16:12:14', '2025-12-24 16:12:14');
INSERT INTO transactions (id, type, amount, date, category_id, payment_method_id, contact_id, description, invoice_id, created_by, created_at, updated_at) VALUES (84, 'EXPENSE', 38.8, '2025-10-06', 18, NULL, NULL, 'Lampada led per ufficio', NULL, 3, '2025-12-24 16:12:14', '2025-12-24 16:12:14');
INSERT INTO transactions (id, type, amount, date, category_id, payment_method_id, contact_id, description, invoice_id, created_by, created_at, updated_at) VALUES (85, 'EXPENSE', 10.16, '2025-10-06', 9, NULL, NULL, 'Acquisto dominio studiomismo.com', NULL, 3, '2025-12-24 16:12:14', '2025-12-24 16:12:14');
INSERT INTO transactions (id, type, amount, date, category_id, payment_method_id, contact_id, description, invoice_id, created_by, created_at, updated_at) VALUES (87, 'INCOME', 365.0, '2025-10-07', 1, NULL, NULL, 'Fattura #172025 - Social Media Management - mese di Ottobre 2025', NULL, 2, '2025-12-24 16:12:14', '2025-12-24 16:12:14');
INSERT INTO transactions (id, type, amount, date, category_id, payment_method_id, contact_id, description, invoice_id, created_by, created_at, updated_at) VALUES (89, 'EXPENSE', 7.86, '2025-10-08', 11, NULL, NULL, 'Meta ADS settembre', NULL, 3, '2025-12-24 16:12:14', '2025-12-24 16:12:14');
INSERT INTO transactions (id, type, amount, date, category_id, payment_method_id, contact_id, description, invoice_id, created_by, created_at, updated_at) VALUES (90, 'EXPENSE', 96.34, '2025-10-08', 18, NULL, NULL, 'Materiali per restauro ufficio', NULL, 3, '2025-12-24 16:12:14', '2025-12-24 16:12:14');
INSERT INTO transactions (id, type, amount, date, category_id, payment_method_id, contact_id, description, invoice_id, created_by, created_at, updated_at) VALUES (91, 'EXPENSE', 3.4, '2025-10-07', 18, NULL, NULL, 'Caffè', NULL, 3, '2025-12-24 16:12:14', '2025-12-24 16:12:14');
INSERT INTO transactions (id, type, amount, date, category_id, payment_method_id, contact_id, description, invoice_id, created_by, created_at, updated_at) VALUES (92, 'EXPENSE', 200.8, '2025-10-10', 18, NULL, NULL, 'Materiali per nuovo ufficio', NULL, 3, '2025-12-24 16:12:14', '2025-12-24 16:12:14');
INSERT INTO transactions (id, type, amount, date, category_id, payment_method_id, contact_id, description, invoice_id, created_by, created_at, updated_at) VALUES (93, 'EXPENSE', 3.6, '2025-10-11', 18, NULL, NULL, 'Caffè', NULL, 3, '2025-12-24 16:12:14', '2025-12-24 16:12:14');
INSERT INTO transactions (id, type, amount, date, category_id, payment_method_id, contact_id, description, invoice_id, created_by, created_at, updated_at) VALUES (94, 'EXPENSE', 14.61, '2025-10-12', 18, NULL, NULL, 'Oggetti Action', NULL, 2, '2025-12-24 16:12:14', '2025-12-24 16:12:14');
INSERT INTO transactions (id, type, amount, date, category_id, payment_method_id, contact_id, description, invoice_id, created_by, created_at, updated_at) VALUES (95, 'EXPENSE', 5.6, '2025-10-14', 18, NULL, NULL, 'Colazione', NULL, 3, '2025-12-24 16:12:14', '2025-12-24 16:12:14');
INSERT INTO transactions (id, type, amount, date, category_id, payment_method_id, contact_id, description, invoice_id, created_by, created_at, updated_at) VALUES (96, 'EXPENSE', 4.8, '2025-10-15', 18, NULL, NULL, 'Paste per meeting', NULL, 3, '2025-12-24 16:12:14', '2025-12-24 16:12:14');
INSERT INTO transactions (id, type, amount, date, category_id, payment_method_id, contact_id, description, invoice_id, created_by, created_at, updated_at) VALUES (97, 'EXPENSE', 80.39, '2025-10-17', 18, NULL, NULL, 'Binari per porte scorrevoli', NULL, 3, '2025-12-24 16:12:14', '2025-12-24 16:12:14');
INSERT INTO transactions (id, type, amount, date, category_id, payment_method_id, contact_id, description, invoice_id, created_by, created_at, updated_at) VALUES (98, 'EXPENSE', 6.5, '2025-10-15', 18, NULL, NULL, 'Stucco', NULL, 3, '2025-12-24 16:12:14', '2025-12-24 16:12:14');
INSERT INTO transactions (id, type, amount, date, category_id, payment_method_id, contact_id, description, invoice_id, created_by, created_at, updated_at) VALUES (99, 'EXPENSE', 5.45, '2025-10-17', 18, NULL, NULL, 'Materiali per nuovo ufficio', NULL, 3, '2025-12-24 16:12:14', '2025-12-24 16:12:14');
INSERT INTO transactions (id, type, amount, date, category_id, payment_method_id, contact_id, description, invoice_id, created_by, created_at, updated_at) VALUES (100, 'EXPENSE', 5.63, '2025-10-20', 18, NULL, NULL, 'Lampadine', NULL, 3, '2025-12-24 16:12:14', '2025-12-24 16:12:14');
INSERT INTO transactions (id, type, amount, date, category_id, payment_method_id, contact_id, description, invoice_id, created_by, created_at, updated_at) VALUES (101, 'INCOME', 40.2, '2025-10-21', 24, NULL, NULL, 'Rimborso binario porte scorrevoli difettoso', NULL, 3, '2025-12-24 16:12:14', '2025-12-24 16:12:14');
INSERT INTO transactions (id, type, amount, date, category_id, payment_method_id, contact_id, description, invoice_id, created_by, created_at, updated_at) VALUES (102, 'EXPENSE', 16.8, '2025-10-20', 18, NULL, NULL, 'Materiali per nuovo ufficio', NULL, 3, '2025-12-24 16:12:14', '2025-12-24 16:12:14');
INSERT INTO transactions (id, type, amount, date, category_id, payment_method_id, contact_id, description, invoice_id, created_by, created_at, updated_at) VALUES (103, 'INCOME', 469.0, '2025-10-20', 1, NULL, NULL, 'Fattura #182025 - SOCIAL MEDIA MANAGEMENT - MESE DI OTTOBRE 2025', NULL, 2, '2025-12-24 16:12:14', '2025-12-24 16:12:14');
INSERT INTO transactions (id, type, amount, date, category_id, payment_method_id, contact_id, description, invoice_id, created_by, created_at, updated_at) VALUES (104, 'EXPENSE', 105.9, '2025-10-21', 12, NULL, NULL, 'Pagamento pannelli porte in MDF', NULL, 2, '2025-12-24 16:12:14', '2025-12-24 16:12:14');
INSERT INTO transactions (id, type, amount, date, category_id, payment_method_id, contact_id, description, invoice_id, created_by, created_at, updated_at) VALUES (105, 'EXPENSE', 3.6, '2025-10-21', 18, NULL, NULL, 'Caffè', NULL, 2, '2025-12-24 16:12:14', '2025-12-24 16:12:14');
INSERT INTO transactions (id, type, amount, date, category_id, payment_method_id, contact_id, description, invoice_id, created_by, created_at, updated_at) VALUES (106, 'INCOME', 500.0, '2025-10-23', 1, NULL, NULL, 'Fattura #192025 - PRIMA RATA BRAND IDENTITY', NULL, 2, '2025-12-24 16:12:14', '2025-12-24 16:12:14');
INSERT INTO transactions (id, type, amount, date, category_id, payment_method_id, contact_id, description, invoice_id, created_by, created_at, updated_at) VALUES (107, 'INCOME', 500.0, '2025-10-23', 1, NULL, NULL, 'Fattura #192025 - PRIMA RATA BRAND IDENTITY', NULL, 2, '2025-12-24 16:12:14', '2025-12-24 16:12:14');
INSERT INTO transactions (id, type, amount, date, category_id, payment_method_id, contact_id, description, invoice_id, created_by, created_at, updated_at) VALUES (108, 'EXPENSE', 500.0, '2025-10-23', 18, NULL, NULL, 'Fattura ValpoStay stornata', NULL, 2, '2025-12-24 16:12:14', '2025-12-24 16:12:14');
INSERT INTO transactions (id, type, amount, date, category_id, payment_method_id, contact_id, description, invoice_id, created_by, created_at, updated_at) VALUES (109, 'EXPENSE', 20.9, '2025-10-22', 18, NULL, NULL, 'Materiali per nuovo ufficio', NULL, 3, '2025-12-24 16:12:14', '2025-12-24 16:12:14');
INSERT INTO transactions (id, type, amount, date, category_id, payment_method_id, contact_id, description, invoice_id, created_by, created_at, updated_at) VALUES (110, 'EXPENSE', 3.4, '2025-10-23', 18, NULL, NULL, 'Caffè', NULL, 3, '2025-12-24 16:12:14', '2025-12-24 16:12:14');
INSERT INTO transactions (id, type, amount, date, category_id, payment_method_id, contact_id, description, invoice_id, created_by, created_at, updated_at) VALUES (111, 'EXPENSE', 29.99, '2025-10-25', 9, NULL, NULL, 'Adobe Creative Cloud', NULL, 3, '2025-12-24 16:12:14', '2025-12-24 16:12:14');
INSERT INTO transactions (id, type, amount, date, category_id, payment_method_id, contact_id, description, invoice_id, created_by, created_at, updated_at) VALUES (112, 'EXPENSE', 9.9, '2025-10-24', 18, NULL, NULL, 'Lame per seghetto', NULL, 3, '2025-12-24 16:12:14', '2025-12-24 16:12:14');
INSERT INTO transactions (id, type, amount, date, category_id, payment_method_id, contact_id, description, invoice_id, created_by, created_at, updated_at) VALUES (113, 'EXPENSE', 5.0, '2025-10-25', 18, NULL, NULL, 'Colazione', NULL, 3, '2025-12-24 16:12:14', '2025-12-24 16:12:14');
INSERT INTO transactions (id, type, amount, date, category_id, payment_method_id, contact_id, description, invoice_id, created_by, created_at, updated_at) VALUES (114, 'EXPENSE', 150.0, '2025-10-24', 18, NULL, NULL, 'Graffiti Pablo', NULL, 3, '2025-12-24 16:12:14', '2025-12-24 16:12:14');
INSERT INTO transactions (id, type, amount, date, category_id, payment_method_id, contact_id, description, invoice_id, created_by, created_at, updated_at) VALUES (115, 'EXPENSE', 300.0, '2025-10-27', 25, NULL, NULL, 'Parcella Verona Industriale - Michele', NULL, 2, '2025-12-24 16:12:14', '2025-12-24 16:12:14');
INSERT INTO transactions (id, type, amount, date, category_id, payment_method_id, contact_id, description, invoice_id, created_by, created_at, updated_at) VALUES (116, 'EXPENSE', 27.02, '2025-10-27', 18, NULL, NULL, 'Materiali per nuovo ufficio', NULL, 2, '2025-12-24 16:12:14', '2025-12-24 16:12:14');
INSERT INTO transactions (id, type, amount, date, category_id, payment_method_id, contact_id, description, invoice_id, created_by, created_at, updated_at) VALUES (117, 'EXPENSE', 1.2, '2025-10-28', 18, NULL, NULL, 'Caffè', NULL, 3, '2025-12-24 16:12:14', '2025-12-24 16:12:14');
INSERT INTO transactions (id, type, amount, date, category_id, payment_method_id, contact_id, description, invoice_id, created_by, created_at, updated_at) VALUES (118, 'EXPENSE', 441.5, '2025-10-29', 25, NULL, NULL, 'Caparra 3 mensilità', NULL, 2, '2025-12-24 16:12:14', '2025-12-24 16:12:14');
INSERT INTO transactions (id, type, amount, date, category_id, payment_method_id, contact_id, description, invoice_id, created_by, created_at, updated_at) VALUES (119, 'EXPENSE', 9.72, '2025-10-29', 12, NULL, NULL, 'Luce di emergenza + presa smart', NULL, 2, '2025-12-24 16:12:14', '2025-12-24 16:12:14');
INSERT INTO transactions (id, type, amount, date, category_id, payment_method_id, contact_id, description, invoice_id, created_by, created_at, updated_at) VALUES (120, 'EXPENSE', 2.4, '2025-10-29', 18, NULL, NULL, 'Caffè', NULL, 2, '2025-12-24 16:12:14', '2025-12-24 16:12:14');
INSERT INTO transactions (id, type, amount, date, category_id, payment_method_id, contact_id, description, invoice_id, created_by, created_at, updated_at) VALUES (121, 'INCOME', 249.0, '2025-10-30', 1, NULL, NULL, 'Fattura #202025 - PIANO SOCIAL BASIC PER VALEDENT MESE DI NOVEMBRE 2025', NULL, 2, '2025-12-24 16:12:14', '2025-12-24 16:12:14');
INSERT INTO transactions (id, type, amount, date, category_id, payment_method_id, contact_id, description, invoice_id, created_by, created_at, updated_at) VALUES (122, 'EXPENSE', 1.2, '2025-10-31', 18, NULL, NULL, 'Caffè', NULL, 3, '2025-12-24 16:12:14', '2025-12-24 16:12:14');
INSERT INTO transactions (id, type, amount, date, category_id, payment_method_id, contact_id, description, invoice_id, created_by, created_at, updated_at) VALUES (123, 'EXPENSE', 25.99, '2025-10-31', 8, NULL, NULL, 'Iliad', NULL, 3, '2025-12-24 16:12:14', '2025-12-24 16:12:14');
INSERT INTO transactions (id, type, amount, date, category_id, payment_method_id, contact_id, description, invoice_id, created_by, created_at, updated_at) VALUES (124, 'EXPENSE', 74.7, '2025-10-31', 13, NULL, NULL, 'Accantonamento 30% fattura 20/2025', NULL, 3, '2025-12-24 16:12:14', '2025-12-24 16:12:14');
INSERT INTO transactions (id, type, amount, date, category_id, payment_method_id, contact_id, description, invoice_id, created_by, created_at, updated_at) VALUES (125, 'EXPENSE', 33.0, '2025-10-31', 10, NULL, NULL, 'Prima rata Microfoni DJI', NULL, 3, '2025-12-24 16:12:14', '2025-12-24 16:12:14');
INSERT INTO transactions (id, type, amount, date, category_id, payment_method_id, contact_id, description, invoice_id, created_by, created_at, updated_at) VALUES (126, 'EXPENSE', 30.94, '2025-11-01', 11, NULL, NULL, 'Google ADS Ottobre', NULL, 3, '2025-12-24 16:12:14', '2025-12-24 16:12:14');
INSERT INTO transactions (id, type, amount, date, category_id, payment_method_id, contact_id, description, invoice_id, created_by, created_at, updated_at) VALUES (127, 'EXPENSE', 18.0, '2025-11-05', 9, NULL, NULL, 'Abbonamento Claude', NULL, 3, '2025-12-24 16:12:14', '2025-12-24 16:12:14');
INSERT INTO transactions (id, type, amount, date, category_id, payment_method_id, contact_id, description, invoice_id, created_by, created_at, updated_at) VALUES (128, 'EXPENSE', 4.6, '2025-11-06', 18, NULL, NULL, 'Caffè e acqua', NULL, 3, '2025-12-24 16:12:14', '2025-12-24 16:12:14');
INSERT INTO transactions (id, type, amount, date, category_id, payment_method_id, contact_id, description, invoice_id, created_by, created_at, updated_at) VALUES (129, 'EXPENSE', 2.4, '2025-11-07', 18, NULL, NULL, 'Caffè', NULL, 3, '2025-12-24 16:12:14', '2025-12-24 16:12:14');
INSERT INTO transactions (id, type, amount, date, category_id, payment_method_id, contact_id, description, invoice_id, created_by, created_at, updated_at) VALUES (130, 'EXPENSE', 9.9, '2025-11-08', 18, NULL, NULL, 'Caraffa Brita', NULL, 3, '2025-12-24 16:12:14', '2025-12-24 16:12:14');
INSERT INTO transactions (id, type, amount, date, category_id, payment_method_id, contact_id, description, invoice_id, created_by, created_at, updated_at) VALUES (131, 'EXPENSE', 1.59, '2025-11-08', 18, NULL, NULL, 'Profumatori', NULL, 3, '2025-12-24 16:12:14', '2025-12-24 16:12:14');
INSERT INTO transactions (id, type, amount, date, category_id, payment_method_id, contact_id, description, invoice_id, created_by, created_at, updated_at) VALUES (132, 'EXPENSE', 17.71, '2025-11-12', 16, NULL, NULL, 'Pieno metano Davide', NULL, 3, '2025-12-24 16:12:14', '2025-12-24 16:12:14');
INSERT INTO transactions (id, type, amount, date, category_id, payment_method_id, contact_id, description, invoice_id, created_by, created_at, updated_at) VALUES (133, 'INCOME', 565.0, '2025-11-13', 1, NULL, NULL, 'Fattura #232025 - Social Media Management - mese di Novembre 2025 + 2 Shooting', NULL, 2, '2025-12-24 16:12:14', '2025-12-24 16:12:14');
INSERT INTO transactions (id, type, amount, date, category_id, payment_method_id, contact_id, description, invoice_id, created_by, created_at, updated_at) VALUES (134, 'EXPENSE', 4.9, '2025-11-12', 18, NULL, NULL, 'Stampa materiali per Tecnorete e Tecnocasa', NULL, 3, '2025-12-24 16:12:14', '2025-12-24 16:12:14');
INSERT INTO transactions (id, type, amount, date, category_id, payment_method_id, contact_id, description, invoice_id, created_by, created_at, updated_at) VALUES (135, 'EXPENSE', 21.9, '2025-11-14', 16, NULL, NULL, 'Autostrada', NULL, 3, '2025-12-24 16:12:14', '2025-12-24 16:12:14');
INSERT INTO transactions (id, type, amount, date, category_id, payment_method_id, contact_id, description, invoice_id, created_by, created_at, updated_at) VALUES (136, 'EXPENSE', 23.9, '2025-11-14', 16, NULL, NULL, 'Pranzo McDonald\''s Crema', NULL, 3, '2025-12-24 16:12:14', '2025-12-24 16:12:14');
INSERT INTO transactions (id, type, amount, date, category_id, payment_method_id, contact_id, description, invoice_id, created_by, created_at, updated_at) VALUES (137, 'EXPENSE', 300.0, '2025-11-15', 25, NULL, NULL, 'Affitto mese di novembre 2025', NULL, 3, '2025-12-24 16:12:14', '2025-12-24 16:12:14');
INSERT INTO transactions (id, type, amount, date, category_id, payment_method_id, contact_id, description, invoice_id, created_by, created_at, updated_at) VALUES (138, 'EXPENSE', 25.99, '2025-11-16', 8, NULL, NULL, 'Iliad - mese di novembre', NULL, 3, '2025-12-24 16:12:14', '2025-12-24 16:12:14');
INSERT INTO transactions (id, type, amount, date, category_id, payment_method_id, contact_id, description, invoice_id, created_by, created_at, updated_at) VALUES (139, 'INCOME', 469.0, '2025-11-17', 1, NULL, NULL, 'Fattura #222025 - SOCIAL MEDIA MANAGEMENT - MESE DI NOVEMBRE 2025', NULL, 2, '2025-12-24 16:12:14', '2025-12-24 16:12:14');
INSERT INTO transactions (id, type, amount, date, category_id, payment_method_id, contact_id, description, invoice_id, created_by, created_at, updated_at) VALUES (140, 'INCOME', 300.0, '2025-11-17', 1, NULL, NULL, 'Fattura #212025 - Implementazioni design e sviluppo back-end per paghesolution.it', NULL, 3, '2025-12-24 16:12:14', '2025-12-24 16:12:14');
INSERT INTO transactions (id, type, amount, date, category_id, payment_method_id, contact_id, description, invoice_id, created_by, created_at, updated_at) VALUES (141, 'EXPENSE', 2.39, '2025-11-18', 9, NULL, NULL, 'Capcut novembre', NULL, 3, '2025-12-24 16:12:14', '2025-12-24 16:12:14');
INSERT INTO transactions (id, type, amount, date, category_id, payment_method_id, contact_id, description, invoice_id, created_by, created_at, updated_at) VALUES (142, 'EXPENSE', 137.0, '2025-11-18', 13, NULL, NULL, 'Accantonamento fattura 23/2025', NULL, 2, '2025-12-24 16:12:14', '2025-12-24 16:12:14');
INSERT INTO transactions (id, type, amount, date, category_id, payment_method_id, contact_id, description, invoice_id, created_by, created_at, updated_at) VALUES (143, 'EXPENSE', 187.0, '2025-11-18', 13, NULL, NULL, 'Accantonamento fatture 21/2025 e 22/2025', NULL, 3, '2025-12-24 16:12:14', '2025-12-24 16:12:14');
INSERT INTO transactions (id, type, amount, date, category_id, payment_method_id, contact_id, description, invoice_id, created_by, created_at, updated_at) VALUES (144, 'EXPENSE', 30.0, '2025-11-20', 16, NULL, NULL, 'Benzina Stefano', NULL, 3, '2025-12-24 16:12:14', '2025-12-24 16:12:14');
INSERT INTO transactions (id, type, amount, date, category_id, payment_method_id, contact_id, description, invoice_id, created_by, created_at, updated_at) VALUES (145, 'EXPENSE', 12.0, '2025-11-21', 16, NULL, NULL, 'Parcheggio Cremona', NULL, 3, '2025-12-24 16:12:14', '2025-12-24 16:12:14');
INSERT INTO transactions (id, type, amount, date, category_id, payment_method_id, contact_id, description, invoice_id, created_by, created_at, updated_at) VALUES (146, 'EXPENSE', 29.99, '2025-11-23', 9, NULL, NULL, 'Adobe Creative Cloud', NULL, 3, '2025-12-24 16:12:14', '2025-12-24 16:12:14');
INSERT INTO transactions (id, type, amount, date, category_id, payment_method_id, contact_id, description, invoice_id, created_by, created_at, updated_at) VALUES (147, 'EXPENSE', 3.0, '2025-11-26', 18, NULL, NULL, 'Caffè Bardolino', NULL, 2, '2025-12-24 16:12:14', '2025-12-24 16:12:14');
INSERT INTO transactions (id, type, amount, date, category_id, payment_method_id, contact_id, description, invoice_id, created_by, created_at, updated_at) VALUES (148, 'EXPENSE', 35.04, '2025-11-26', 12, NULL, NULL, 'Ordine arredamento Aliexpress', NULL, 2, '2025-12-24 16:12:14', '2025-12-24 16:12:14');
INSERT INTO transactions (id, type, amount, date, category_id, payment_method_id, contact_id, description, invoice_id, created_by, created_at, updated_at) VALUES (149, 'EXPENSE', 10.63, '2025-11-26', 12, NULL, NULL, 'Materiali ufficio Aliexpress', NULL, 2, '2025-12-24 16:12:14', '2025-12-24 16:12:14');
INSERT INTO transactions (id, type, amount, date, category_id, payment_method_id, contact_id, description, invoice_id, created_by, created_at, updated_at) VALUES (150, 'EXPENSE', 29.99, '2025-11-27', 9, NULL, NULL, 'Abbonamento CupCut', NULL, 2, '2025-12-24 16:12:14', '2025-12-24 16:12:14');
INSERT INTO transactions (id, type, amount, date, category_id, payment_method_id, contact_id, description, invoice_id, created_by, created_at, updated_at) VALUES (151, 'EXPENSE', 5.36, '2025-11-28', 18, NULL, NULL, 'Forniture ufficio', NULL, 3, '2025-12-24 16:12:14', '2025-12-24 16:12:14');
INSERT INTO transactions (id, type, amount, date, category_id, payment_method_id, contact_id, description, invoice_id, created_by, created_at, updated_at) VALUES (152, 'EXPENSE', 3.6, '2025-11-28', 18, NULL, NULL, 'Caffè', NULL, 3, '2025-12-24 16:12:14', '2025-12-24 16:12:14');
INSERT INTO transactions (id, type, amount, date, category_id, payment_method_id, contact_id, description, invoice_id, created_by, created_at, updated_at) VALUES (153, 'EXPENSE', 33.0, '2025-11-30', 10, NULL, NULL, 'Seconda rata microfoni DJI', NULL, 3, '2025-12-24 16:12:14', '2025-12-24 16:12:14');
INSERT INTO transactions (id, type, amount, date, category_id, payment_method_id, contact_id, description, invoice_id, created_by, created_at, updated_at) VALUES (154, 'EXPENSE', 60.0, '2025-11-28', 16, NULL, NULL, 'Rimborso abbonamento ATV Giulia novembre', NULL, 3, '2025-12-24 16:12:14', '2025-12-24 16:12:14');
INSERT INTO transactions (id, type, amount, date, category_id, payment_method_id, contact_id, description, invoice_id, created_by, created_at, updated_at) VALUES (155, 'EXPENSE', 24.34, '2025-12-01', 11, NULL, NULL, 'Google ADS novembre', NULL, 3, '2025-12-24 16:12:14', '2025-12-24 16:12:14');
INSERT INTO transactions (id, type, amount, date, category_id, payment_method_id, contact_id, description, invoice_id, created_by, created_at, updated_at) VALUES (156, 'EXPENSE', 4.04, '2025-12-01', 18, NULL, NULL, 'Chiave e scatola derivazione', NULL, 3, '2025-12-24 16:12:14', '2025-12-24 16:12:14');
INSERT INTO transactions (id, type, amount, date, category_id, payment_method_id, contact_id, description, invoice_id, created_by, created_at, updated_at) VALUES (157, 'INCOME', 249.0, '2025-12-05', 1, NULL, NULL, 'Fattura #242025 - Gestione profilo social di ValeDent - mese di dicembre 2025', NULL, 3, '2025-12-24 16:12:14', '2025-12-24 16:12:14');
INSERT INTO transactions (id, type, amount, date, category_id, payment_method_id, contact_id, description, invoice_id, created_by, created_at, updated_at) VALUES (158, 'EXPENSE', 3.9, '2025-12-05', 18, NULL, NULL, 'Caffè', NULL, 3, '2025-12-24 16:12:14', '2025-12-24 16:12:14');
INSERT INTO transactions (id, type, amount, date, category_id, payment_method_id, contact_id, description, invoice_id, created_by, created_at, updated_at) VALUES (159, 'EXPENSE', 18.0, '2025-12-05', 9, NULL, NULL, 'Claude dicembre', NULL, 3, '2025-12-24 16:12:14', '2025-12-24 16:12:14');
INSERT INTO transactions (id, type, amount, date, category_id, payment_method_id, contact_id, description, invoice_id, created_by, created_at, updated_at) VALUES (160, 'INCOME', 469.0, '2025-12-10', 1, NULL, NULL, 'Fattura #252025 - Avvio e gestione profili Instagram e Facebook per Tecnocasa Bardolino - mese di dicembre 2025', NULL, 3, '2025-12-24 16:12:14', '2025-12-24 16:12:14');
INSERT INTO transactions (id, type, amount, date, category_id, payment_method_id, contact_id, description, invoice_id, created_by, created_at, updated_at) VALUES (161, 'EXPENSE', 9.0, '2025-12-09', 18, NULL, NULL, 'Materiali per nuovo ufficio', NULL, 3, '2025-12-24 16:12:14', '2025-12-24 16:12:14');
INSERT INTO transactions (id, type, amount, date, category_id, payment_method_id, contact_id, description, invoice_id, created_by, created_at, updated_at) VALUES (162, 'EXPENSE', 61.0, '2025-12-10', 13, NULL, NULL, 'Accantonamento fattura 24/2025', NULL, 3, '2025-12-24 16:12:14', '2025-12-24 16:12:14');
INSERT INTO transactions (id, type, amount, date, category_id, payment_method_id, contact_id, description, invoice_id, created_by, created_at, updated_at) VALUES (163, 'EXPENSE', 115.0, '2025-12-10', 13, NULL, NULL, 'Accantonamento fattura 25/2025', NULL, 2, '2025-12-24 16:12:14', '2025-12-24 16:12:14');
INSERT INTO transactions (id, type, amount, date, category_id, payment_method_id, contact_id, description, invoice_id, created_by, created_at, updated_at) VALUES (164, 'EXPENSE', 0.9, '2025-12-11', 16, NULL, NULL, 'Autostrada', NULL, 3, '2025-12-24 16:12:14', '2025-12-24 16:12:14');
INSERT INTO transactions (id, type, amount, date, category_id, payment_method_id, contact_id, description, invoice_id, created_by, created_at, updated_at) VALUES (165, 'INCOME', 22.0, '2025-12-11', 24, NULL, NULL, 'Vendita microfoni su Vinted', NULL, 3, '2025-12-24 16:12:14', '2025-12-24 16:12:14');
INSERT INTO transactions (id, type, amount, date, category_id, payment_method_id, contact_id, description, invoice_id, created_by, created_at, updated_at) VALUES (166, 'EXPENSE', 39.39, '2025-12-12', 11, NULL, NULL, 'Vetrofanie per ufficio', NULL, 3, '2025-12-24 16:12:14', '2025-12-24 16:12:14');
INSERT INTO transactions (id, type, amount, date, category_id, payment_method_id, contact_id, description, invoice_id, created_by, created_at, updated_at) VALUES (167, 'EXPENSE', 300.0, '2025-12-15', 25, NULL, NULL, 'Affitto mese di Dicembre', NULL, 2, '2025-12-24 16:12:14', '2025-12-24 16:12:14');
INSERT INTO transactions (id, type, amount, date, category_id, payment_method_id, contact_id, description, invoice_id, created_by, created_at, updated_at) VALUES (168, 'EXPENSE', 2.6, '2025-12-16', 18, NULL, NULL, 'Caffè', NULL, 3, '2025-12-24 16:12:14', '2025-12-24 16:12:14');
INSERT INTO transactions (id, type, amount, date, category_id, payment_method_id, contact_id, description, invoice_id, created_by, created_at, updated_at) VALUES (169, 'EXPENSE', 25.99, '2025-12-16', 8, NULL, NULL, 'Iliad', NULL, 3, '2025-12-24 16:12:14', '2025-12-24 16:12:14');
INSERT INTO transactions (id, type, amount, date, category_id, payment_method_id, contact_id, description, invoice_id, created_by, created_at, updated_at) VALUES (170, 'EXPENSE', 54.33, '2025-12-18', 8, NULL, NULL, 'Bolletta corrente ottobre', NULL, 3, '2025-12-24 16:12:14', '2025-12-24 16:12:14');


-- Table: transaction_categories
-- CREATE TABLE "transaction_categories" (
    "id" INTEGER NOT NULL PRIMARY KEY AUTOINCREMENT,
    "name" TEXT NOT NULL,
    "type" TEXT NOT NULL,
    "icon" TEXT,
    "color" TEXT,
    "is_active" BOOLEAN NOT NULL DEFAULT true,
    "created_at" DATETIME NOT NULL DEFAULT CURRENT_TIMESTAMP,
    "updated_at" DATETIME NOT NULL
)

-- Data for table: transaction_categories (18 rows)
INSERT INTO transaction_categories (id, name, type, icon, color, is_active, created_at, updated_at) VALUES (1, 'Fatture Clienti', 'INCOME', '📄', '#22c55e', 1, '2025-12-24 15:10:37', '2025-12-24 15:10:37');
INSERT INTO transaction_categories (id, name, type, icon, color, is_active, created_at, updated_at) VALUES (2, 'Consulenze', 'INCOME', '💼', '#3b82f6', 1, '2025-12-24 15:10:37', '2025-12-24 15:10:37');
INSERT INTO transaction_categories (id, name, type, icon, color, is_active, created_at, updated_at) VALUES (3, 'Formazione', 'INCOME', '🎓', '#8b82f6', 1, '2025-12-24 15:10:37', '2025-12-24 15:10:37');
INSERT INTO transaction_categories (id, name, type, icon, color, is_active, created_at, updated_at) VALUES (4, 'Progetti Web', 'INCOME', '🌐', '#06b6d4', 1, '2025-12-24 15:10:37', '2025-12-24 15:10:37');
INSERT INTO transaction_categories (id, name, type, icon, color, is_active, created_at, updated_at) VALUES (5, 'Marketing', 'INCOME', '📈', '#f59e0b', 1, '2025-12-24 15:10:37', '2025-12-24 15:10:37');
INSERT INTO transaction_categories (id, name, type, icon, color, is_active, created_at, updated_at) VALUES (8, 'Utenze', 'EXPENSE', '💡', '#f97316', 1, '2025-12-24 15:10:37', '2025-12-24 15:10:37');
INSERT INTO transaction_categories (id, name, type, icon, color, is_active, created_at, updated_at) VALUES (9, 'Software', 'EXPENSE', '💻', '#8b5cf6', 1, '2025-12-24 15:10:37', '2025-12-24 15:10:37');
INSERT INTO transaction_categories (id, name, type, icon, color, is_active, created_at, updated_at) VALUES (10, 'Hardware', 'EXPENSE', '🖥️', '#6366f1', 1, '2025-12-24 15:10:37', '2025-12-24 15:10:37');
INSERT INTO transaction_categories (id, name, type, icon, color, is_active, created_at, updated_at) VALUES (11, 'Marketing/Pubblicità', 'EXPENSE', '📢', '#ec4899', 1, '2025-12-24 15:10:37', '2025-12-24 15:10:37');
INSERT INTO transaction_categories (id, name, type, icon, color, is_active, created_at, updated_at) VALUES (12, 'Fornitori', 'EXPENSE', '📦', '#14b8a6', 1, '2025-12-24 15:10:37', '2025-12-24 15:10:37');
INSERT INTO transaction_categories (id, name, type, icon, color, is_active, created_at, updated_at) VALUES (13, 'Tasse', 'EXPENSE', '🏛️', '#dc2626', 1, '2025-12-24 15:10:37', '2025-12-24 15:10:37');
INSERT INTO transaction_categories (id, name, type, icon, color, is_active, created_at, updated_at) VALUES (14, 'Stipendi', 'EXPENSE', '👥', '#059669', 1, '2025-12-24 15:10:37', '2025-12-24 15:10:37');
INSERT INTO transaction_categories (id, name, type, icon, color, is_active, created_at, updated_at) VALUES (15, 'Consulenze', 'EXPENSE', '🤝', '#7c3aed', 1, '2025-12-24 15:10:37', '2025-12-24 15:10:37');
INSERT INTO transaction_categories (id, name, type, icon, color, is_active, created_at, updated_at) VALUES (16, 'Viaggi', 'EXPENSE', '✈️', '#0ea5e9', 1, '2025-12-24 15:10:37', '2025-12-24 15:10:37');
INSERT INTO transaction_categories (id, name, type, icon, color, is_active, created_at, updated_at) VALUES (17, 'Formazione', 'EXPENSE', '📚', '#84cc16', 1, '2025-12-24 15:10:37', '2025-12-24 15:10:37');
INSERT INTO transaction_categories (id, name, type, icon, color, is_active, created_at, updated_at) VALUES (18, 'Varie', 'EXPENSE', '📌', '#737373', 1, '2025-12-24 15:10:37', '2025-12-24 15:10:37');
INSERT INTO transaction_categories (id, name, type, icon, color, is_active, created_at, updated_at) VALUES (24, 'Altri Ricavi', 'INCOME', '💰', '#64748b', 1, '2025-12-24 15:10:37', '2025-12-24 15:10:37');
INSERT INTO transaction_categories (id, name, type, icon, color, is_active, created_at, updated_at) VALUES (25, 'Affitto', 'EXPENSE', '🏢', '#ef4444', 1, '2025-12-24 15:10:37', '2025-12-24 15:10:37');


-- Table: payment_methods
-- CREATE TABLE "payment_methods" (
    "id" INTEGER NOT NULL PRIMARY KEY AUTOINCREMENT,
    "name" TEXT NOT NULL,
    "is_active" BOOLEAN NOT NULL DEFAULT true,
    "created_at" DATETIME NOT NULL DEFAULT CURRENT_TIMESTAMP,
    "updated_at" DATETIME NOT NULL
)

-- Data for table: payment_methods (5 rows)
INSERT INTO payment_methods (id, name, is_active, created_at, updated_at) VALUES (1, 'Bonifico bancario', 1, '2025-12-24 15:10:37', '2025-12-24 15:10:37');
INSERT INTO payment_methods (id, name, is_active, created_at, updated_at) VALUES (2, 'Carta di credito', 1, '2025-12-24 15:10:37', '2025-12-24 15:10:37');
INSERT INTO payment_methods (id, name, is_active, created_at, updated_at) VALUES (3, 'Stripe', 1, '2025-12-24 15:10:37', '2025-12-24 15:10:37');
INSERT INTO payment_methods (id, name, is_active, created_at, updated_at) VALUES (5, 'Contanti', 1, '2025-12-24 15:10:37', '2025-12-24 15:10:37');
INSERT INTO payment_methods (id, name, is_active, created_at, updated_at) VALUES (9, 'Altro', 1, '2025-12-24 15:10:37', '2025-12-24 15:10:37');


-- Table: user_page_preferences
-- CREATE TABLE "user_page_preferences" (
    "id" INTEGER NOT NULL PRIMARY KEY AUTOINCREMENT,
    "user_id" INTEGER NOT NULL,
    "page_name" TEXT NOT NULL,
    "view_mode" TEXT,
    "page_limit" INTEGER,
    "type_filter" TEXT,
    "created_at" DATETIME NOT NULL DEFAULT CURRENT_TIMESTAMP,
    "updated_at" DATETIME NOT NULL
)

-- Data for table: user_page_preferences (2 rows)
INSERT INTO user_page_preferences (id, user_id, page_name, view_mode, page_limit, type_filter, created_at, updated_at) VALUES (1, 2, 'leads', 'kanban', NULL, '', '2025-12-22T20:33:30.873+00:00', '2025-12-25T11:27:17.567+00:00');
INSERT INTO user_page_preferences (id, user_id, page_name, view_mode, page_limit, type_filter, created_at, updated_at) VALUES (2, 2, 'contacts', 'table', 50, '', '2025-12-22T20:42:49.089+00:00', '2025-12-24T16:18:52.082+00:00');


-- Table: calendar_preferences
-- CREATE TABLE "calendar_preferences" (
    "id" INTEGER NOT NULL PRIMARY KEY AUTOINCREMENT,
    "user_id" INTEGER NOT NULL,
    "default_view" TEXT,
    "default_start_hour" INTEGER,
    "default_end_hour" INTEGER,
    "favorite_categories" TEXT,
    "show_weekends" BOOLEAN DEFAULT true,
    "default_event_duration" INTEGER,
    "hide_sidebar" BOOLEAN DEFAULT false,
    "created_at" DATETIME NOT NULL DEFAULT CURRENT_TIMESTAMP,
    "updated_at" DATETIME NOT NULL,
    CONSTRAINT "calendar_preferences_user_id_fkey" FOREIGN KEY ("user_id") REFERENCES "users" ("id") ON DELETE CASCADE ON UPDATE CASCADE
)

-- Data for table: calendar_preferences (1 rows)
INSERT INTO calendar_preferences (id, user_id, default_view, default_start_hour, default_end_hour, favorite_categories, show_weekends, default_event_duration, hide_sidebar, created_at, updated_at) VALUES (1, 2, 'month', 7, 22, NULL, 1, 60, 0, '2025-12-24T15:04:29.856+00:00', '2025-12-24T15:04:29.856+00:00');


-- Table: password_reset_tokens
-- CREATE TABLE "password_reset_tokens" (
    "id" INTEGER NOT NULL PRIMARY KEY AUTOINCREMENT,
    "email" TEXT NOT NULL,
    "token" TEXT NOT NULL,
    "expires_at" DATETIME NOT NULL,
    "used" BOOLEAN NOT NULL DEFAULT false,
    "used_at" DATETIME,
    "created_at" DATETIME NOT NULL DEFAULT CURRENT_TIMESTAMP
)

-- No data in table: password_reset_tokens


-- Table: email_verification_codes
-- CREATE TABLE "email_verification_codes" (
    "id" INTEGER NOT NULL PRIMARY KEY AUTOINCREMENT,
    "email" TEXT NOT NULL,
    "code" TEXT NOT NULL,
    "expires_at" DATETIME NOT NULL,
    "verified" BOOLEAN NOT NULL DEFAULT false,
    "verified_at" DATETIME,
    "created_at" DATETIME NOT NULL DEFAULT CURRENT_TIMESTAMP
)

-- No data in table: email_verification_codes


-- Backup completed
